성별,만나이(세),만나이(개월),L,M,S,신장(cm) 백분위수,,,,,,,,,,,,,신장(cm) 표준점수,,,,,,
,,,,,,1st,3rd,5th,10th,15th,25th,50th,75th,85th,90th,95th,97th,99th,-3SD,-2SD,-1SD,0.0 ,+1SD,+2SD,+3SD
1,0,0,1.0000 ,49.8842 ,0.0380 ,45.5 ,46.3 ,46.8 ,47.5 ,47.9 ,48.6 ,49.9 ,51.2 ,51.8 ,52.3 ,53.0 ,53.4 ,54.3 ,44.2 ,46.1 ,48.0 ,49.9 ,51.8 ,53.7 ,55.6 
1,,1,1.0000 ,54.7244 ,0.0356 ,50.2 ,51.1 ,51.5 ,52.2 ,52.7 ,53.4 ,54.7 ,56.0 ,56.7 ,57.2 ,57.9 ,58.4 ,59.3 ,48.9 ,50.8 ,52.8 ,54.7 ,56.7 ,58.6 ,60.6 
1,,2,1.0000 ,58.4249 ,0.0342 ,53.8 ,54.7 ,55.1 ,55.9 ,56.4 ,57.1 ,58.4 ,59.8 ,60.5 ,61.0 ,61.7 ,62.2 ,63.1 ,52.4 ,54.4 ,56.4 ,58.4 ,60.4 ,62.4 ,64.4 
1,,3,1.0000 ,61.4292 ,0.0333 ,56.7 ,57.6 ,58.1 ,58.8 ,59.3 ,60.1 ,61.4 ,62.8 ,63.5 ,64.0 ,64.8 ,65.3 ,66.2 ,55.3 ,57.3 ,59.4 ,61.4 ,63.5 ,65.5 ,67.6 
1,,4,1.0000 ,63.8860 ,0.0326 ,59.0 ,60.0 ,60.5 ,61.2 ,61.7 ,62.5 ,63.9 ,65.3 ,66.0 ,66.6 ,67.3 ,67.8 ,68.7 ,57.6 ,59.7 ,61.8 ,63.9 ,66.0 ,68.0 ,70.1 
1,,5,1.0000 ,65.9026 ,0.0320 ,61.0 ,61.9 ,62.4 ,63.2 ,63.7 ,64.5 ,65.9 ,67.3 ,68.1 ,68.6 ,69.4 ,69.9 ,70.8 ,59.6 ,61.7 ,63.8 ,65.9 ,68.0 ,70.1 ,72.2 
1,,6,1.0000 ,67.6236 ,0.0317 ,62.6 ,63.6 ,64.1 ,64.9 ,65.4 ,66.2 ,67.6 ,69.1 ,69.8 ,70.4 ,71.1 ,71.6 ,72.6 ,61.2 ,63.3 ,65.5 ,67.6 ,69.8 ,71.9 ,74.0 
1,,7,1.0000 ,69.1645 ,0.0314 ,64.1 ,65.1 ,65.6 ,66.4 ,66.9 ,67.7 ,69.2 ,70.6 ,71.4 ,71.9 ,72.7 ,73.2 ,74.2 ,62.7 ,64.8 ,67.0 ,69.2 ,71.3 ,73.5 ,75.7 
1,,8,1.0000 ,70.5994 ,0.0312 ,65.5 ,66.5 ,67.0 ,67.8 ,68.3 ,69.1 ,70.6 ,72.1 ,72.9 ,73.4 ,74.2 ,74.7 ,75.7 ,64.0 ,66.2 ,68.4 ,70.6 ,72.8 ,75.0 ,77.2 
1,,9,1.0000 ,71.9687 ,0.0312 ,66.8 ,67.7 ,68.3 ,69.1 ,69.6 ,70.5 ,72.0 ,73.5 ,74.3 ,74.8 ,75.7 ,76.2 ,77.2 ,65.2 ,67.5 ,69.7 ,72.0 ,74.2 ,76.5 ,78.7 
1,,10,1.0000 ,73.2812 ,0.0312 ,68.0 ,69.0 ,69.5 ,70.4 ,70.9 ,71.7 ,73.3 ,74.8 ,75.6 ,76.2 ,77.0 ,77.6 ,78.6 ,66.4 ,68.7 ,71.0 ,73.3 ,75.6 ,77.9 ,80.1 
1,,11,1.0000 ,74.5388 ,0.0313 ,69.1 ,70.2 ,70.7 ,71.6 ,72.1 ,73.0 ,74.5 ,76.1 ,77.0 ,77.5 ,78.4 ,78.9 ,80.0 ,67.6 ,69.9 ,72.2 ,74.5 ,76.9 ,79.2 ,81.5 
1,1,12,1.0000 ,75.7488 ,0.0314 ,70.2 ,71.3 ,71.8 ,72.7 ,73.3 ,74.1 ,75.7 ,77.4 ,78.2 ,78.8 ,79.7 ,80.2 ,81.3 ,68.6 ,71.0 ,73.4 ,75.7 ,78.1 ,80.5 ,82.9 
1,,13,1.0000 ,76.9186 ,0.0315 ,71.3 ,72.4 ,72.9 ,73.8 ,74.4 ,75.3 ,76.9 ,78.6 ,79.4 ,80.0 ,80.9 ,81.5 ,82.6 ,69.6 ,72.1 ,74.5 ,76.9 ,79.3 ,81.8 ,84.2 
1,,14,1.0000 ,78.0497 ,0.0317 ,72.3 ,73.4 ,74.0 ,74.9 ,75.5 ,76.4 ,78.0 ,79.7 ,80.6 ,81.2 ,82.1 ,82.7 ,83.8 ,70.6 ,73.1 ,75.6 ,78.0 ,80.5 ,83.0 ,85.5 
1,,15,1.0000 ,79.1458 ,0.0320 ,73.3 ,74.4 ,75.0 ,75.9 ,76.5 ,77.4 ,79.1 ,80.9 ,81.8 ,82.4 ,83.3 ,83.9 ,85.0 ,71.6 ,74.1 ,76.6 ,79.1 ,81.7 ,84.2 ,86.7 
1,,16,1.0000 ,80.2113 ,0.0322 ,74.2 ,75.4 ,76.0 ,76.9 ,77.5 ,78.5 ,80.2 ,82.0 ,82.9 ,83.5 ,84.5 ,85.1 ,86.2 ,72.5 ,75.0 ,77.6 ,80.2 ,82.8 ,85.4 ,88.0 
1,,17,1.0000 ,81.2487 ,0.0325 ,75.1 ,76.3 ,76.9 ,77.9 ,78.5 ,79.5 ,81.2 ,83.0 ,84.0 ,84.6 ,85.6 ,86.2 ,87.4 ,73.3 ,76.0 ,78.6 ,81.2 ,83.9 ,86.5 ,89.2 
1,,18,1.0000 ,82.2587 ,0.0328 ,76.0 ,77.2 ,77.8 ,78.8 ,79.5 ,80.4 ,82.3 ,84.1 ,85.1 ,85.7 ,86.7 ,87.3 ,88.5 ,74.2 ,76.9 ,79.6 ,82.3 ,85.0 ,87.7 ,90.4 
1,,19,1.0000 ,83.2418 ,0.0331 ,76.8 ,78.1 ,78.7 ,79.7 ,80.4 ,81.4 ,83.2 ,85.1 ,86.1 ,86.8 ,87.8 ,88.4 ,89.7 ,75.0 ,77.7 ,80.5 ,83.2 ,86.0 ,88.8 ,91.5 
1,,20,1.0000 ,84.1996 ,0.0334 ,77.7 ,78.9 ,79.6 ,80.6 ,81.3 ,82.3 ,84.2 ,86.1 ,87.1 ,87.8 ,88.8 ,89.5 ,90.7 ,75.8 ,78.6 ,81.4 ,84.2 ,87.0 ,89.8 ,92.6 
1,,21,1.0000 ,85.1348 ,0.0338 ,78.4 ,79.7 ,80.4 ,81.5 ,82.2 ,83.2 ,85.1 ,87.1 ,88.1 ,88.8 ,89.9 ,90.5 ,91.8 ,76.5 ,79.4 ,82.3 ,85.1 ,88.0 ,90.9 ,93.8 
1,,22,1.0000 ,86.0477 ,0.0341 ,79.2 ,80.5 ,81.2 ,82.3 ,83.0 ,84.1 ,86.0 ,88.0 ,89.1 ,89.8 ,90.9 ,91.6 ,92.9 ,77.2 ,80.2 ,83.1 ,86.0 ,89.0 ,91.9 ,94.9 
1,,23,1.0000 ,86.9410 ,0.0345 ,80.0 ,81.3 ,82.0 ,83.1 ,83.8 ,84.9 ,86.9 ,89.0 ,90.0 ,90.8 ,91.9 ,92.6 ,93.9 ,78.0 ,81.0 ,83.9 ,86.9 ,89.9 ,92.9 ,95.9 
1,2,24,1.0000 ,87.1161 ,0.0351 ,80.0 ,81.4 ,82.1 ,83.2 ,83.9 ,85.1 ,87.1 ,89.2 ,90.3 ,91.0 ,92.1 ,92.9 ,94.2 ,78.0 ,81.0 ,84.1 ,87.1 ,90.2 ,93.2 ,96.3 
1,,25,1.0000 ,87.9720 ,0.0354 ,80.7 ,82.1 ,82.8 ,84.0 ,84.7 ,85.9 ,88.0 ,90.1 ,91.2 ,92.0 ,93.1 ,93.8 ,95.2 ,78.6 ,81.7 ,84.9 ,88.0 ,91.1 ,94.2 ,97.3 
1,,26,1.0000 ,88.8065 ,0.0358 ,81.4 ,82.8 ,83.6 ,84.7 ,85.5 ,86.7 ,88.8 ,90.9 ,92.1 ,92.9 ,94.0 ,94.8 ,96.2 ,79.3 ,82.5 ,85.6 ,88.8 ,92.0 ,95.2 ,98.3 
1,,27,1.0000 ,89.6197 ,0.0361 ,82.1 ,83.5 ,84.3 ,85.5 ,86.3 ,87.4 ,89.6 ,91.8 ,93.0 ,93.8 ,94.9 ,95.7 ,97.1 ,79.9 ,83.1 ,86.4 ,89.6 ,92.9 ,96.1 ,99.3 
1,,28,1.0000 ,90.4120 ,0.0364 ,82.8 ,84.2 ,85.0 ,86.2 ,87.0 ,88.2 ,90.4 ,92.6 ,93.8 ,94.6 ,95.8 ,96.6 ,98.1 ,80.5 ,83.8 ,87.1 ,90.4 ,93.7 ,97.0 ,100.3 
1,,29,1.0000 ,91.1828 ,0.0367 ,83.4 ,84.9 ,85.7 ,86.9 ,87.7 ,88.9 ,91.2 ,93.4 ,94.7 ,95.5 ,96.7 ,97.5 ,99.0 ,81.1 ,84.5 ,87.8 ,91.2 ,94.5 ,97.9 ,101.2 
1,,30,1.0000 ,91.9327 ,0.0370 ,84.0 ,85.5 ,86.3 ,87.6 ,88.4 ,89.6 ,91.9 ,94.2 ,95.5 ,96.3 ,97.5 ,98.3 ,99.9 ,81.7 ,85.1 ,88.5 ,91.9 ,95.3 ,98.7 ,102.1 
1,,31,1.0000 ,92.6631 ,0.0373 ,84.6 ,86.2 ,87.0 ,88.2 ,89.1 ,90.3 ,92.7 ,95.0 ,96.2 ,97.1 ,98.4 ,99.2 ,100.7 ,82.3 ,85.7 ,89.2 ,92.7 ,96.1 ,99.6 ,103.0 
1,,32,1.0000 ,93.3753 ,0.0376 ,85.2 ,86.8 ,87.6 ,88.9 ,89.7 ,91.0 ,93.4 ,95.7 ,97.0 ,97.9 ,99.2 ,100.0 ,101.5 ,82.8 ,86.4 ,89.9 ,93.4 ,96.9 ,100.4 ,103.9 
1,,33,1.0000 ,94.0711 ,0.0379 ,85.8 ,87.4 ,88.2 ,89.5 ,90.4 ,91.7 ,94.1 ,96.5 ,97.8 ,98.6 ,99.9 ,100.8 ,102.4 ,83.4 ,86.9 ,90.5 ,94.1 ,97.6 ,101.2 ,104.8 
1,,34,1.0000 ,94.7532 ,0.0381 ,86.4 ,88.0 ,88.8 ,90.1 ,91.0 ,92.3 ,94.8 ,97.2 ,98.5 ,99.4 ,100.7 ,101.5 ,103.2 ,83.9 ,87.5 ,91.1 ,94.8 ,98.4 ,102.0 ,105.6 
1,,35,1.0000 ,95.4236 ,0.0384 ,86.9 ,88.5 ,89.4 ,90.7 ,91.6 ,93.0 ,95.4 ,97.9 ,99.2 ,100.1 ,101.4 ,102.3 ,103.9 ,84.4 ,88.1 ,91.8 ,95.4 ,99.1 ,102.7 ,106.4 
1,3,36,-1.0915 ,96.4961 ,0.0403 ,88.3 ,89.7 ,90.5 ,91.8 ,92.6 ,93.9 ,96.5 ,99.2 ,100.7 ,101.8 ,103.4 ,104.4 ,106.5 ,86.1 ,89.3 ,92.8 ,96.5 ,100.6 ,105.0 ,109.8 
1,,37,-1.0011 ,97.0464 ,0.0403 ,88.7 ,90.2 ,91.0 ,92.3 ,93.2 ,94.5 ,97.0 ,99.8 ,101.3 ,102.3 ,103.9 ,105.0 ,107.1 ,86.6 ,89.8 ,93.3 ,97.0 ,101.1 ,105.5 ,110.4 
1,,38,-0.9126 ,97.5965 ,0.0402 ,89.2 ,90.7 ,91.5 ,92.8 ,93.7 ,95.0 ,97.6 ,100.3 ,101.8 ,102.9 ,104.5 ,105.6 ,107.6 ,87.0 ,90.3 ,93.8 ,97.6 ,101.7 ,106.1 ,110.9 
1,,39,-0.8262 ,98.1463 ,0.0402 ,89.7 ,91.2 ,92.0 ,93.3 ,94.2 ,95.5 ,98.1 ,100.9 ,102.4 ,103.5 ,105.1 ,106.1 ,108.2 ,87.5 ,90.8 ,94.3 ,98.1 ,102.2 ,106.7 ,111.4 
1,,40,-0.7418 ,98.6959 ,0.0402 ,90.2 ,91.7 ,92.5 ,93.8 ,94.7 ,96.1 ,98.7 ,101.4 ,103.0 ,104.0 ,105.6 ,106.7 ,108.7 ,87.9 ,91.3 ,94.9 ,98.7 ,102.8 ,107.2 ,112.0 
1,,41,-0.6592 ,99.2452 ,0.0402 ,90.6 ,92.2 ,93.0 ,94.3 ,95.3 ,96.6 ,99.2 ,102.0 ,103.5 ,104.6 ,106.2 ,107.2 ,109.3 ,88.4 ,91.8 ,95.4 ,99.2 ,103.4 ,107.8 ,112.5 
1,,42,-0.5827 ,99.7930 ,0.0401 ,91.1 ,92.7 ,93.5 ,94.9 ,95.8 ,97.1 ,99.8 ,102.6 ,104.1 ,105.1 ,106.7 ,107.8 ,109.8 ,88.8 ,92.3 ,95.9 ,99.8 ,103.9 ,108.3 ,113.1 
1,,43,-0.5077 ,100.3406 ,0.0401 ,91.6 ,93.2 ,94.0 ,95.4 ,96.3 ,97.7 ,100.3 ,103.1 ,104.6 ,105.7 ,107.3 ,108.4 ,110.4 ,89.3 ,92.8 ,96.4 ,100.3 ,104.5 ,108.9 ,113.6 
1,,44,-0.4343 ,100.8881 ,0.0401 ,92.1 ,93.7 ,94.5 ,95.9 ,96.8 ,98.2 ,100.9 ,103.7 ,105.2 ,106.3 ,107.9 ,108.9 ,111.0 ,89.7 ,93.2 ,97.0 ,100.9 ,105.1 ,109.5 ,114.2 
1,,45,-0.3625 ,101.4353 ,0.0401 ,92.5 ,94.2 ,95.0 ,96.4 ,97.3 ,98.7 ,101.4 ,104.2 ,105.8 ,106.8 ,108.4 ,109.5 ,111.5 ,90.2 ,93.7 ,97.5 ,101.4 ,105.6 ,110.0 ,114.7 
1,,46,-0.2921 ,101.9824 ,0.0401 ,93.0 ,94.7 ,95.5 ,96.9 ,97.9 ,99.3 ,102.0 ,104.8 ,106.3 ,107.4 ,109.0 ,110.1 ,112.1 ,90.6 ,94.2 ,98.0 ,102.0 ,106.2 ,110.6 ,115.3 
1,,47,-0.2232 ,102.5294 ,0.0400 ,93.5 ,95.2 ,96.0 ,97.4 ,98.4 ,99.8 ,102.5 ,105.3 ,106.9 ,108.0 ,109.6 ,110.6 ,112.6 ,91.1 ,94.7 ,98.5 ,102.5 ,106.7 ,111.2 ,115.8 
1,4,48,-0.1597 ,103.0749 ,0.0400 ,94.0 ,95.6 ,96.5 ,97.9 ,98.9 ,100.3 ,103.1 ,105.9 ,107.5 ,108.5 ,110.1 ,111.2 ,113.2 ,91.5 ,95.2 ,99.0 ,103.1 ,107.3 ,111.7 ,116.4 
1,,49,-0.0975 ,103.6204 ,0.0400 ,94.5 ,96.1 ,97.0 ,98.5 ,99.4 ,100.9 ,103.6 ,106.5 ,108.0 ,109.1 ,110.7 ,111.7 ,113.8 ,92.0 ,95.7 ,99.6 ,103.6 ,107.9 ,112.3 ,116.9 
1,,50,-0.0364 ,104.1657 ,0.0400 ,94.9 ,96.6 ,97.5 ,99.0 ,99.9 ,101.4 ,104.2 ,107.0 ,108.6 ,109.6 ,111.3 ,112.3 ,114.3 ,92.4 ,96.2 ,100.1 ,104.2 ,108.4 ,112.8 ,117.5 
1,,51,0.0234 ,104.7109 ,0.0399 ,95.4 ,97.1 ,98.0 ,99.5 ,100.5 ,101.9 ,104.7 ,107.6 ,109.1 ,110.2 ,111.8 ,112.9 ,114.9 ,92.9 ,96.7 ,100.6 ,104.7 ,109.0 ,113.4 ,118.0 
1,,52,0.0822 ,105.2560 ,0.0399 ,95.9 ,97.6 ,98.6 ,100.0 ,101.0 ,102.5 ,105.3 ,108.1 ,109.7 ,110.8 ,112.4 ,113.4 ,115.5 ,93.3 ,97.2 ,101.1 ,105.3 ,109.5 ,114.0 ,118.6 
1,,53,0.1398 ,105.8009 ,0.0399 ,96.4 ,98.1 ,99.1 ,100.5 ,101.5 ,103.0 ,105.8 ,108.7 ,110.3 ,111.3 ,112.9 ,114.0 ,116.0 ,93.8 ,97.6 ,101.7 ,105.8 ,110.1 ,114.5 ,119.1 
1,,54,0.1897 ,106.3440 ,0.0399 ,96.8 ,98.6 ,99.6 ,101.0 ,102.0 ,103.5 ,106.3 ,109.2 ,110.8 ,111.9 ,113.5 ,114.6 ,116.6 ,94.2 ,98.1 ,102.2 ,106.3 ,110.7 ,115.1 ,119.7 
1,,55,0.2387 ,106.8869 ,0.0399 ,97.3 ,99.1 ,100.1 ,101.5 ,102.5 ,104.0 ,106.9 ,109.8 ,111.4 ,112.5 ,114.1 ,115.1 ,117.2 ,94.7 ,98.6 ,102.7 ,106.9 ,111.2 ,115.7 ,120.3 
1,,56,0.2868 ,107.4298 ,0.0398 ,97.8 ,99.6 ,100.6 ,102.0 ,103.1 ,104.6 ,107.4 ,110.3 ,111.9 ,113.0 ,114.6 ,115.7 ,117.7 ,95.1 ,99.1 ,103.2 ,107.4 ,111.8 ,116.2 ,120.8 
1,,57,0.3341 ,107.9726 ,0.0398 ,98.3 ,100.1 ,101.1 ,102.6 ,103.6 ,105.1 ,108.0 ,110.9 ,112.5 ,113.6 ,115.2 ,116.3 ,118.3 ,95.6 ,99.6 ,103.7 ,108.0 ,112.3 ,116.8 ,121.4 
1,,58,0.3805 ,108.5153 ,0.0398 ,98.8 ,100.6 ,101.6 ,103.1 ,104.1 ,105.6 ,108.5 ,111.5 ,113.1 ,114.1 ,115.8 ,116.8 ,118.9 ,96.0 ,100.1 ,104.2 ,108.5 ,112.9 ,117.4 ,122.0 
1,,59,0.4261 ,109.0579 ,0.0398 ,99.2 ,101.1 ,102.1 ,103.6 ,104.6 ,106.2 ,109.1 ,112.0 ,113.6 ,114.7 ,116.3 ,117.4 ,119.4 ,96.5 ,100.6 ,104.8 ,109.1 ,113.4 ,117.9 ,122.5 
1,5,60,0.4242 ,109.5896 ,0.0398 ,99.7 ,101.6 ,102.5 ,104.1 ,105.1 ,106.7 ,109.6 ,112.6 ,114.2 ,115.3 ,116.9 ,118.0 ,120.0 ,96.9 ,101.1 ,105.3 ,109.6 ,114.0 ,118.5 ,123.1 
1,,61,0.4223 ,110.1212 ,0.0399 ,100.2 ,102.0 ,103.0 ,104.6 ,105.6 ,107.2 ,110.1 ,113.1 ,114.7 ,115.8 ,117.5 ,118.6 ,120.6 ,97.4 ,101.5 ,105.8 ,110.1 ,114.6 ,119.1 ,123.7 
1,,62,0.4205 ,110.6529 ,0.0399 ,100.7 ,102.5 ,103.5 ,105.1 ,106.1 ,107.7 ,110.7 ,113.7 ,115.3 ,116.4 ,118.1 ,119.1 ,121.2 ,97.9 ,102.0 ,106.3 ,110.7 ,115.1 ,119.7 ,124.4 
1,,63,0.4187 ,111.1846 ,0.0399 ,101.1 ,103.0 ,104.0 ,105.6 ,106.6 ,108.2 ,111.2 ,114.2 ,115.8 ,117.0 ,118.6 ,119.7 ,121.8 ,98.3 ,102.5 ,106.8 ,111.2 ,115.7 ,120.3 ,125.0 
1,,64,0.4169 ,111.7162 ,0.0400 ,101.6 ,103.5 ,104.5 ,106.1 ,107.1 ,108.7 ,111.7 ,114.8 ,116.4 ,117.5 ,119.2 ,120.3 ,122.4 ,98.8 ,103.0 ,107.3 ,111.7 ,116.2 ,120.9 ,125.6 
1,,65,0.4151 ,112.2479 ,0.0400 ,102.1 ,104.0 ,105.0 ,106.6 ,107.7 ,109.2 ,112.2 ,115.3 ,117.0 ,118.1 ,119.8 ,120.9 ,123.0 ,99.3 ,103.5 ,107.8 ,112.2 ,116.8 ,121.4 ,126.2 
1,,66,0.3787 ,112.7735 ,0.0400 ,102.6 ,104.5 ,105.5 ,107.1 ,108.2 ,109.8 ,112.8 ,115.8 ,117.5 ,118.7 ,120.4 ,121.5 ,123.6 ,99.7 ,104.0 ,108.3 ,112.8 ,117.3 ,122.0 ,126.8 
1,,67,0.3429 ,113.2990 ,0.0401 ,103.1 ,105.0 ,106.0 ,107.6 ,108.7 ,110.3 ,113.3 ,116.4 ,118.1 ,119.2 ,120.9 ,122.1 ,124.2 ,100.2 ,104.5 ,108.8 ,113.3 ,117.9 ,122.6 ,127.5 
1,,68,0.3074 ,113.8245 ,0.0401 ,103.5 ,105.5 ,106.5 ,108.1 ,109.2 ,110.8 ,113.8 ,116.9 ,118.6 ,119.8 ,121.5 ,122.6 ,124.8 ,100.7 ,104.9 ,109.3 ,113.8 ,118.5 ,123.2 ,128.1 
1,,69,0.2724 ,114.3501 ,0.0402 ,104.0 ,105.9 ,107.0 ,108.6 ,109.7 ,111.3 ,114.4 ,117.5 ,119.2 ,120.3 ,122.1 ,123.2 ,125.4 ,101.2 ,105.4 ,109.8 ,114.4 ,119.0 ,123.8 ,128.8 
1,,70,0.2378 ,114.8756 ,0.0402 ,104.5 ,106.4 ,107.5 ,109.1 ,110.2 ,111.8 ,114.9 ,118.0 ,119.7 ,120.9 ,122.7 ,123.8 ,126.0 ,101.6 ,105.9 ,110.3 ,114.9 ,119.6 ,124.4 ,129.4 
1,,71,0.2036 ,115.4010 ,0.0403 ,105.0 ,106.9 ,108.0 ,109.6 ,110.7 ,112.3 ,115.4 ,118.6 ,120.3 ,121.5 ,123.3 ,124.4 ,126.6 ,102.1 ,106.4 ,110.8 ,115.4 ,120.1 ,125.0 ,130.0 
1,6,72,0.1783 ,115.9183 ,0.0403 ,105.5 ,107.4 ,108.4 ,110.1 ,111.2 ,112.8 ,115.9 ,119.1 ,120.8 ,122.0 ,123.8 ,125.0 ,127.2 ,102.6 ,106.9 ,111.3 ,115.9 ,120.7 ,125.6 ,130.7 
1,,73,0.1533 ,116.4356 ,0.0404 ,105.9 ,107.9 ,108.9 ,110.5 ,111.6 ,113.3 ,116.4 ,119.6 ,121.4 ,122.6 ,124.4 ,125.6 ,127.8 ,103.0 ,107.3 ,111.8 ,116.4 ,121.2 ,126.2 ,131.3 
1,,74,0.1287 ,116.9528 ,0.0404 ,106.4 ,108.3 ,109.4 ,111.0 ,112.1 ,113.8 ,117.0 ,120.2 ,121.9 ,123.2 ,125.0 ,126.1 ,128.4 ,103.5 ,107.8 ,112.3 ,117.0 ,121.8 ,126.7 ,131.9 
1,,75,0.1044 ,117.4701 ,0.0405 ,106.9 ,108.8 ,109.9 ,111.5 ,112.6 ,114.3 ,117.5 ,120.7 ,122.5 ,123.7 ,125.5 ,126.7 ,129.0 ,104.0 ,108.3 ,112.8 ,117.5 ,122.3 ,127.3 ,132.5 
1,,76,0.0805 ,117.9874 ,0.0405 ,107.3 ,109.3 ,110.4 ,112.0 ,113.1 ,114.8 ,118.0 ,121.3 ,123.0 ,124.3 ,126.1 ,127.3 ,129.6 ,104.4 ,108.8 ,113.3 ,118.0 ,122.9 ,127.9 ,133.2 
1,,77,0.0569 ,118.5047 ,0.0406 ,107.8 ,109.8 ,110.8 ,112.5 ,113.6 ,115.3 ,118.5 ,121.8 ,123.6 ,124.8 ,126.7 ,127.9 ,130.2 ,104.9 ,109.2 ,113.8 ,118.5 ,123.4 ,128.5 ,133.8 
1,,78,0.0563 ,119.0136 ,0.0406 ,108.3 ,110.3 ,111.3 ,113.0 ,114.1 ,115.8 ,119.0 ,122.3 ,124.1 ,125.4 ,127.2 ,128.4 ,130.8 ,105.3 ,109.7 ,114.3 ,119.0 ,123.9 ,129.1 ,134.4 
1,,79,0.0557 ,119.5225 ,0.0406 ,108.7 ,110.7 ,111.8 ,113.5 ,114.6 ,116.3 ,119.5 ,122.8 ,124.7 ,125.9 ,127.8 ,129.0 ,131.3 ,105.8 ,110.2 ,114.8 ,119.5 ,124.5 ,129.6 ,134.9 
1,,80,0.0552 ,120.0314 ,0.0406 ,109.2 ,111.2 ,112.3 ,113.9 ,115.1 ,116.8 ,120.0 ,123.4 ,125.2 ,126.4 ,128.3 ,129.5 ,131.9 ,106.2 ,110.7 ,115.3 ,120.0 ,125.0 ,130.2 ,135.5 
1,,81,0.0546 ,120.5404 ,0.0406 ,109.6 ,111.7 ,112.7 ,114.4 ,115.6 ,117.3 ,120.5 ,123.9 ,125.7 ,127.0 ,128.9 ,130.1 ,132.4 ,106.7 ,111.1 ,115.7 ,120.5 ,125.5 ,130.7 ,136.1 
1,,82,0.0541 ,121.0493 ,0.0406 ,110.1 ,112.1 ,113.2 ,114.9 ,116.1 ,117.8 ,121.0 ,124.4 ,126.2 ,127.5 ,129.4 ,130.6 ,133.0 ,107.1 ,111.6 ,116.2 ,121.0 ,126.1 ,131.3 ,136.7 
1,,83,0.0536 ,121.5582 ,0.0406 ,110.6 ,112.6 ,113.7 ,115.4 ,116.5 ,118.3 ,121.6 ,124.9 ,126.8 ,128.0 ,129.9 ,131.2 ,133.6 ,107.6 ,112.1 ,116.7 ,121.6 ,126.6 ,131.8 ,137.3 
1,7,84,0.0492 ,122.0537 ,0.0406 ,111.0 ,113.1 ,114.2 ,115.9 ,117.0 ,118.8 ,122.1 ,125.4 ,127.3 ,128.6 ,130.5 ,131.7 ,134.1 ,108.0 ,112.5 ,117.2 ,122.1 ,127.1 ,132.4 ,137.8 
1,,85,0.0448 ,122.5492 ,0.0406 ,111.5 ,113.5 ,114.6 ,116.3 ,117.5 ,119.2 ,122.5 ,126.0 ,127.8 ,129.1 ,131.0 ,132.3 ,134.7 ,108.5 ,113.0 ,117.7 ,122.5 ,127.6 ,132.9 ,138.4 
1,,86,0.0405 ,123.0447 ,0.0406 ,111.9 ,114.0 ,115.1 ,116.8 ,118.0 ,119.7 ,123.0 ,126.5 ,128.3 ,129.6 ,131.5 ,132.8 ,135.2 ,108.9 ,113.4 ,118.1 ,123.0 ,128.1 ,133.4 ,138.9 
1,,87,0.0363 ,123.5402 ,0.0406 ,112.4 ,114.4 ,115.6 ,117.3 ,118.4 ,120.2 ,123.5 ,127.0 ,128.8 ,130.1 ,132.1 ,133.3 ,135.8 ,109.3 ,113.9 ,118.6 ,123.5 ,128.7 ,134.0 ,139.5 
1,,88,0.0321 ,124.0357 ,0.0406 ,112.8 ,114.9 ,116.0 ,117.7 ,118.9 ,120.7 ,124.0 ,127.5 ,129.4 ,130.7 ,132.6 ,133.9 ,136.3 ,109.8 ,114.4 ,119.1 ,124.0 ,129.2 ,134.5 ,140.1 
1,,89,0.0280 ,124.5313 ,0.0406 ,113.3 ,115.4 ,116.5 ,118.2 ,119.4 ,121.2 ,124.5 ,128.0 ,129.9 ,131.2 ,133.1 ,134.4 ,136.8 ,110.2 ,114.8 ,119.6 ,124.5 ,129.7 ,135.0 ,140.6 
1,,90,0.0397 ,125.0114 ,0.0406 ,113.7 ,115.8 ,116.9 ,118.7 ,119.9 ,121.6 ,125.0 ,128.5 ,130.4 ,131.7 ,133.6 ,134.9 ,137.4 ,110.7 ,115.3 ,120.0 ,125.0 ,130.2 ,135.6 ,141.1 
1,,91,0.0514 ,125.4914 ,0.0405 ,114.2 ,116.3 ,117.4 ,119.1 ,120.3 ,122.1 ,125.5 ,129.0 ,130.9 ,132.2 ,134.1 ,135.4 ,137.9 ,111.1 ,115.7 ,120.5 ,125.5 ,130.7 ,136.1 ,141.7 
1,,92,0.0628 ,125.9715 ,0.0405 ,114.6 ,116.7 ,117.8 ,119.6 ,120.8 ,122.6 ,126.0 ,129.5 ,131.4 ,132.7 ,134.6 ,135.9 ,138.4 ,111.5 ,116.1 ,121.0 ,126.0 ,131.2 ,136.6 ,142.2 
1,,93,0.0741 ,126.4515 ,0.0405 ,115.0 ,117.1 ,118.3 ,120.0 ,121.2 ,123.0 ,126.5 ,130.0 ,131.9 ,133.2 ,135.1 ,136.4 ,138.9 ,111.9 ,116.6 ,121.4 ,126.5 ,131.7 ,137.1 ,142.7 
1,,94,0.0853 ,126.9316 ,0.0405 ,115.5 ,117.6 ,118.7 ,120.5 ,121.7 ,123.5 ,126.9 ,130.4 ,132.4 ,133.7 ,135.7 ,136.9 ,139.4 ,112.3 ,117.0 ,121.9 ,126.9 ,132.2 ,137.6 ,143.2 
1,,95,0.0964 ,127.4116 ,0.0405 ,115.9 ,118.0 ,119.2 ,121.0 ,122.2 ,124.0 ,127.4 ,130.9 ,132.9 ,134.2 ,136.2 ,137.5 ,139.9 ,112.8 ,117.5 ,122.3 ,127.4 ,132.7 ,138.1 ,143.8 
1,8,96,0.1205 ,127.8793 ,0.0405 ,116.3 ,118.5 ,119.6 ,121.4 ,122.6 ,124.4 ,127.9 ,131.4 ,133.3 ,134.7 ,136.6 ,137.9 ,140.4 ,113.2 ,117.9 ,122.8 ,127.9 ,133.1 ,138.6 ,144.3 
1,,97,0.1443 ,128.3469 ,0.0404 ,116.7 ,118.9 ,120.0 ,121.8 ,123.1 ,124.9 ,128.3 ,131.9 ,133.8 ,135.1 ,137.1 ,138.4 ,140.9 ,113.6 ,118.3 ,123.2 ,128.3 ,133.6 ,139.1 ,144.8 
1,,98,0.1679 ,128.8145 ,0.0404 ,117.2 ,119.3 ,120.5 ,122.3 ,123.5 ,125.3 ,128.8 ,132.4 ,134.3 ,135.6 ,137.6 ,138.9 ,141.4 ,114.0 ,118.7 ,123.7 ,128.8 ,134.1 ,139.6 ,145.2 
1,,99,0.1912 ,129.2821 ,0.0404 ,117.6 ,119.8 ,120.9 ,122.7 ,124.0 ,125.8 ,129.3 ,132.8 ,134.8 ,136.1 ,138.1 ,139.4 ,141.9 ,114.4 ,119.2 ,124.1 ,129.3 ,134.6 ,140.1 ,145.7 
1,,100,0.2142 ,129.7497 ,0.0404 ,118.0 ,120.2 ,121.4 ,123.2 ,124.4 ,126.3 ,129.7 ,133.3 ,135.3 ,136.6 ,138.6 ,139.9 ,142.4 ,114.8 ,119.6 ,124.6 ,129.7 ,135.1 ,140.6 ,146.2 
1,,101,0.2370 ,130.2172 ,0.0404 ,118.4 ,120.6 ,121.8 ,123.6 ,124.9 ,126.7 ,130.2 ,133.8 ,135.8 ,137.1 ,139.1 ,140.4 ,142.9 ,115.2 ,120.0 ,125.0 ,130.2 ,135.6 ,141.1 ,146.7 
1,,102,0.2339 ,130.6754 ,0.0404 ,118.8 ,121.0 ,122.2 ,124.0 ,125.3 ,127.2 ,130.7 ,134.3 ,136.2 ,137.6 ,139.6 ,140.9 ,143.4 ,115.6 ,120.4 ,125.5 ,130.7 ,136.0 ,141.6 ,147.2 
1,,103,0.2308 ,131.1336 ,0.0404 ,119.3 ,121.5 ,122.6 ,124.5 ,125.7 ,127.6 ,131.1 ,134.7 ,136.7 ,138.1 ,140.1 ,141.4 ,143.9 ,116.0 ,120.9 ,125.9 ,131.1 ,136.5 ,142.1 ,147.8 
1,,104,0.2278 ,131.5919 ,0.0404 ,119.7 ,121.9 ,123.1 ,124.9 ,126.2 ,128.0 ,131.6 ,135.2 ,137.2 ,138.5 ,140.6 ,141.9 ,144.4 ,116.4 ,121.3 ,126.4 ,131.6 ,137.0 ,142.6 ,148.3 
1,,105,0.2248 ,132.0501 ,0.0404 ,120.1 ,122.3 ,123.5 ,125.4 ,126.6 ,128.5 ,132.1 ,135.7 ,137.7 ,139.0 ,141.0 ,142.4 ,144.9 ,116.8 ,121.7 ,126.8 ,132.1 ,137.5 ,143.1 ,148.8 
1,,106,0.2218 ,132.5084 ,0.0404 ,120.5 ,122.7 ,123.9 ,125.8 ,127.1 ,128.9 ,132.5 ,136.2 ,138.1 ,139.5 ,141.5 ,142.9 ,145.4 ,117.2 ,122.1 ,127.2 ,132.5 ,137.9 ,143.6 ,149.3 
1,,107,0.2188 ,132.9666 ,0.0404 ,120.9 ,123.2 ,124.4 ,126.2 ,127.5 ,129.4 ,133.0 ,136.6 ,138.6 ,140.0 ,142.0 ,143.4 ,145.9 ,117.6 ,122.6 ,127.7 ,133.0 ,138.4 ,144.1 ,149.9 
1,9,108,0.1885 ,133.4136 ,0.0405 ,121.3 ,123.6 ,124.8 ,126.6 ,127.9 ,129.8 ,133.4 ,137.1 ,139.1 ,140.5 ,142.5 ,143.9 ,146.5 ,118.0 ,123.0 ,128.1 ,133.4 ,138.9 ,144.6 ,150.4 
1,,109,0.1585 ,133.8606 ,0.0406 ,121.7 ,124.0 ,125.2 ,127.1 ,128.3 ,130.2 ,133.9 ,137.6 ,139.6 ,141.0 ,143.0 ,144.4 ,147.0 ,118.4 ,123.4 ,128.5 ,133.9 ,139.4 ,145.1 ,151.0 
1,,110,0.1288 ,134.3076 ,0.0406 ,122.1 ,124.4 ,125.6 ,127.5 ,128.8 ,130.7 ,134.3 ,138.0 ,140.1 ,141.5 ,143.6 ,144.9 ,147.5 ,118.8 ,123.8 ,128.9 ,134.3 ,139.9 ,145.6 ,151.6 
1,,111,0.0994 ,134.7545 ,0.0407 ,122.5 ,124.8 ,126.0 ,127.9 ,129.2 ,131.1 ,134.8 ,138.5 ,140.6 ,142.0 ,144.1 ,145.4 ,148.1 ,119.2 ,124.2 ,129.4 ,134.8 ,140.3 ,146.1 ,152.2 
1,,112,0.0704 ,135.2014 ,0.0408 ,122.9 ,125.2 ,126.4 ,128.3 ,129.6 ,131.5 ,135.2 ,139.0 ,141.0 ,142.4 ,144.6 ,146.0 ,148.6 ,119.6 ,124.6 ,129.8 ,135.2 ,140.8 ,146.7 ,152.7 
1,,113,0.0416 ,135.6482 ,0.0409 ,123.3 ,125.6 ,126.8 ,128.7 ,130.0 ,132.0 ,135.6 ,139.4 ,141.5 ,142.9 ,145.1 ,146.5 ,149.2 ,120.0 ,125.0 ,130.2 ,135.6 ,141.3 ,147.2 ,153.3 
1,,114,0.0210 ,136.1026 ,0.0410 ,123.7 ,126.0 ,127.2 ,129.1 ,130.4 ,132.4 ,136.1 ,139.9 ,142.0 ,143.4 ,145.6 ,147.0 ,149.7 ,120.3 ,125.4 ,130.6 ,136.1 ,141.8 ,147.7 ,153.9 
1,,115,0.0008 ,136.5569 ,0.0411 ,124.1 ,126.4 ,127.6 ,129.5 ,130.9 ,132.8 ,136.6 ,140.4 ,142.5 ,143.9 ,146.1 ,147.5 ,150.3 ,120.7 ,125.8 ,131.1 ,136.6 ,142.3 ,148.3 ,154.5 
1,,116,-0.0191 ,137.0113 ,0.0412 ,124.5 ,126.8 ,128.0 ,130.0 ,131.3 ,133.3 ,137.0 ,140.9 ,143.0 ,144.5 ,146.6 ,148.1 ,150.8 ,121.1 ,126.2 ,131.5 ,137.0 ,142.8 ,148.8 ,155.1 
1,,117,-0.0386 ,137.4656 ,0.0414 ,124.9 ,127.2 ,128.4 ,130.4 ,131.7 ,133.7 ,137.5 ,141.4 ,143.5 ,145.0 ,147.2 ,148.6 ,151.4 ,121.5 ,126.6 ,131.9 ,137.5 ,143.3 ,149.3 ,155.7 
1,,118,-0.0579 ,137.9199 ,0.0415 ,125.3 ,127.6 ,128.8 ,130.8 ,132.1 ,134.1 ,137.9 ,141.8 ,144.0 ,145.5 ,147.7 ,149.1 ,151.9 ,121.8 ,127.0 ,132.3 ,137.9 ,143.8 ,149.9 ,156.3 
1,,119,-0.0768 ,138.3742 ,0.0416 ,125.7 ,128.0 ,129.2 ,131.2 ,132.5 ,134.6 ,138.4 ,142.3 ,144.5 ,146.0 ,148.2 ,149.7 ,152.5 ,122.2 ,127.4 ,132.7 ,138.4 ,144.3 ,150.4 ,156.9 
1,10,120,-0.0752 ,138.8473 ,0.0417 ,126.0 ,128.4 ,129.7 ,131.6 ,133.0 ,135.0 ,138.8 ,142.8 ,145.0 ,146.5 ,148.7 ,150.2 ,153.1 ,122.6 ,127.8 ,133.2 ,138.8 ,144.8 ,151.0 ,157.5 
1,,121,-0.0736 ,139.3205 ,0.0419 ,126.4 ,128.8 ,130.1 ,132.1 ,133.4 ,135.4 ,139.3 ,143.3 ,145.5 ,147.0 ,149.3 ,150.8 ,153.6 ,122.9 ,128.2 ,133.6 ,139.3 ,145.3 ,151.5 ,158.1 
1,,122,-0.0720 ,139.7936 ,0.0420 ,126.8 ,129.2 ,130.5 ,132.5 ,133.8 ,135.9 ,139.8 ,143.8 ,146.0 ,147.5 ,149.8 ,151.3 ,154.2 ,123.3 ,128.6 ,134.0 ,139.8 ,145.8 ,152.1 ,158.7 
1,,123,-0.0705 ,140.2667 ,0.0422 ,127.2 ,129.6 ,130.9 ,132.9 ,134.3 ,136.3 ,140.3 ,144.3 ,146.5 ,148.1 ,150.4 ,151.9 ,154.8 ,123.7 ,129.0 ,134.5 ,140.3 ,146.3 ,152.6 ,159.3 
1,,124,-0.0689 ,140.7398 ,0.0423 ,127.6 ,130.0 ,131.3 ,133.3 ,134.7 ,136.8 ,140.7 ,144.8 ,147.1 ,148.6 ,150.9 ,152.4 ,155.3 ,124.0 ,129.4 ,134.9 ,140.7 ,146.8 ,153.2 ,159.9 
1,,125,-0.0674 ,141.2130 ,0.0424 ,128.0 ,130.4 ,131.7 ,133.7 ,135.1 ,137.2 ,141.2 ,145.3 ,147.6 ,149.1 ,151.4 ,153.0 ,155.9 ,124.4 ,129.8 ,135.4 ,141.2 ,147.3 ,153.8 ,160.5 
1,,126,-0.0489 ,141.7059 ,0.0426 ,128.4 ,130.8 ,132.1 ,134.2 ,135.6 ,137.7 ,141.7 ,145.8 ,148.1 ,149.7 ,152.0 ,153.6 ,156.5 ,124.7 ,130.1 ,135.8 ,141.7 ,147.9 ,154.3 ,161.1 
1,,127,-0.0308 ,142.1987 ,0.0428 ,128.7 ,131.2 ,132.5 ,134.6 ,136.0 ,138.2 ,142.2 ,146.4 ,148.7 ,150.2 ,152.6 ,154.1 ,157.1 ,125.1 ,130.5 ,136.2 ,142.2 ,148.4 ,154.9 ,161.7 
1,,128,-0.0131 ,142.6916 ,0.0430 ,129.1 ,131.6 ,132.9 ,135.0 ,136.5 ,138.6 ,142.7 ,146.9 ,149.2 ,150.8 ,153.2 ,154.7 ,157.7 ,125.4 ,130.9 ,136.7 ,142.7 ,149.0 ,155.5 ,162.4 
1,,129,0.0041 ,143.1844 ,0.0432 ,129.5 ,132.0 ,133.4 ,135.5 ,136.9 ,139.1 ,143.2 ,147.4 ,149.7 ,151.3 ,153.7 ,155.3 ,158.3 ,125.8 ,131.3 ,137.1 ,143.2 ,149.5 ,156.1 ,163.0 
1,,130,0.0209 ,143.6773 ,0.0434 ,129.9 ,132.4 ,133.8 ,135.9 ,137.4 ,139.5 ,143.7 ,147.9 ,150.3 ,151.9 ,154.3 ,155.9 ,158.9 ,126.1 ,131.7 ,137.6 ,143.7 ,150.0 ,156.7 ,163.6 
1,,131,0.0373 ,144.1701 ,0.0436 ,130.2 ,132.8 ,134.2 ,136.3 ,137.8 ,140.0 ,144.2 ,148.5 ,150.8 ,152.4 ,154.9 ,156.5 ,159.5 ,126.5 ,132.1 ,138.0 ,144.2 ,150.6 ,157.3 ,164.2 
1,11,132,0.0886 ,144.7010 ,0.0438 ,130.6 ,133.2 ,134.6 ,136.8 ,138.3 ,140.5 ,144.7 ,149.0 ,151.4 ,153.0 ,155.5 ,157.1 ,160.2 ,126.8 ,132.5 ,138.5 ,144.7 ,151.2 ,157.9 ,164.9 
1,,133,0.1383 ,145.2319 ,0.0441 ,131.0 ,133.6 ,135.0 ,137.2 ,138.7 ,141.0 ,145.2 ,149.6 ,152.0 ,153.6 ,156.1 ,157.7 ,160.8 ,127.1 ,132.9 ,139.0 ,145.2 ,151.8 ,158.5 ,165.6 
1,,134,0.1864 ,145.7627 ,0.0443 ,131.4 ,134.0 ,135.5 ,137.7 ,139.2 ,141.5 ,145.8 ,150.2 ,152.6 ,154.2 ,156.7 ,158.3 ,161.4 ,127.4 ,133.3 ,139.4 ,145.8 ,152.3 ,159.2 ,166.2 
1,,135,0.2331 ,146.2935 ,0.0445 ,131.7 ,134.4 ,135.9 ,138.1 ,139.7 ,141.9 ,146.3 ,150.7 ,153.2 ,154.8 ,157.3 ,159.0 ,162.1 ,127.7 ,133.7 ,139.9 ,146.3 ,152.9 ,159.8 ,166.9 
1,,136,0.2784 ,146.8242 ,0.0448 ,132.1 ,134.8 ,136.3 ,138.6 ,140.1 ,142.4 ,146.8 ,151.3 ,153.8 ,155.4 ,157.9 ,159.6 ,162.7 ,128.0 ,134.1 ,140.4 ,146.8 ,153.5 ,160.4 ,167.5 
1,,137,0.3223 ,147.3549 ,0.0450 ,132.5 ,135.2 ,136.7 ,139.0 ,140.6 ,142.9 ,147.4 ,151.9 ,154.3 ,156.0 ,158.5 ,160.2 ,163.3 ,128.3 ,134.5 ,140.8 ,147.4 ,154.1 ,161.0 ,168.2 
1,,138,0.4064 ,147.9321 ,0.0453 ,132.8 ,135.7 ,137.2 ,139.5 ,141.1 ,143.5 ,147.9 ,152.5 ,155.0 ,156.7 ,159.2 ,160.8 ,164.0 ,128.7 ,134.9 ,141.3 ,147.9 ,154.7 ,161.7 ,168.8 
1,,139,0.4882 ,148.5094 ,0.0455 ,133.2 ,136.1 ,137.6 ,140.0 ,141.6 ,144.0 ,148.5 ,153.1 ,155.6 ,157.3 ,159.8 ,161.5 ,164.6 ,129.0 ,135.3 ,141.8 ,148.5 ,155.3 ,162.3 ,169.5 
1,,140,0.5676 ,149.0866 ,0.0457 ,133.6 ,136.5 ,138.1 ,140.5 ,142.1 ,144.5 ,149.1 ,153.7 ,156.2 ,157.9 ,160.5 ,162.1 ,165.3 ,129.3 ,135.7 ,142.3 ,149.1 ,156.0 ,163.0 ,170.1 
1,,141,0.6448 ,149.6638 ,0.0459 ,134.0 ,136.9 ,138.5 ,140.9 ,142.6 ,145.1 ,149.7 ,154.3 ,156.8 ,158.6 ,161.1 ,162.8 ,166.0 ,129.6 ,136.1 ,142.8 ,149.7 ,156.6 ,163.6 ,170.8 
1,,142,0.7199 ,150.2409 ,0.0462 ,134.4 ,137.4 ,139.0 ,141.4 ,143.1 ,145.6 ,150.2 ,154.9 ,157.5 ,159.2 ,161.8 ,163.4 ,166.6 ,129.9 ,136.6 ,143.4 ,150.2 ,157.2 ,164.3 ,171.4 
1,,143,0.7929 ,150.8180 ,0.0464 ,134.7 ,137.8 ,139.4 ,141.9 ,143.6 ,146.1 ,150.8 ,155.6 ,158.1 ,159.8 ,162.4 ,164.1 ,167.3 ,130.1 ,137.0 ,143.9 ,150.8 ,157.8 ,164.9 ,172.1 
1,12,144,0.8928 ,151.4223 ,0.0465 ,135.1 ,138.2 ,139.9 ,142.4 ,144.1 ,146.7 ,151.4 ,156.2 ,158.7 ,160.5 ,163.0 ,164.7 ,167.9 ,130.5 ,137.4 ,144.4 ,151.4 ,158.5 ,165.6 ,172.7 
1,,145,0.9910 ,152.0268 ,0.0466 ,135.6 ,138.7 ,140.4 ,143.0 ,144.7 ,147.2 ,152.0 ,156.8 ,159.4 ,161.1 ,163.7 ,165.4 ,168.5 ,130.8 ,137.9 ,144.9 ,152.0 ,159.1 ,166.2 ,173.3 
1,,146,1.0877 ,152.6312 ,0.0467 ,136.0 ,139.2 ,140.9 ,143.5 ,145.2 ,147.8 ,152.6 ,157.4 ,160.0 ,161.7 ,164.3 ,166.0 ,169.1 ,131.1 ,138.3 ,145.5 ,152.6 ,159.7 ,166.8 ,173.9 
1,,147,1.1829 ,153.2358 ,0.0468 ,136.4 ,139.6 ,141.3 ,144.0 ,145.8 ,148.4 ,153.2 ,158.1 ,160.6 ,162.4 ,165.0 ,166.6 ,169.8 ,131.4 ,138.8 ,146.0 ,153.2 ,160.4 ,167.5 ,174.5 
1,,148,1.2764 ,153.8404 ,0.0469 ,136.8 ,140.1 ,141.8 ,144.5 ,146.3 ,149.0 ,153.8 ,158.7 ,161.3 ,163.0 ,165.6 ,167.3 ,170.4 ,131.7 ,139.2 ,146.6 ,153.8 ,161.0 ,168.1 ,175.1 
1,,149,1.3684 ,154.4450 ,0.0470 ,137.2 ,140.6 ,142.3 ,145.0 ,146.8 ,149.5 ,154.4 ,159.3 ,161.9 ,163.7 ,166.2 ,167.9 ,171.0 ,132.0 ,139.7 ,147.1 ,154.4 ,161.6 ,168.7 ,175.7 
1,,150,1.4580 ,155.0459 ,0.0469 ,137.7 ,141.1 ,142.9 ,145.6 ,147.4 ,150.1 ,155.0 ,159.9 ,162.5 ,164.2 ,166.8 ,168.5 ,171.6 ,132.4 ,140.2 ,147.7 ,155.0 ,162.2 ,169.3 ,176.2 
1,,151,1.5475 ,155.6468 ,0.0469 ,138.1 ,141.6 ,143.4 ,146.1 ,148.0 ,150.7 ,155.6 ,160.5 ,163.1 ,164.8 ,167.4 ,169.1 ,172.1 ,132.8 ,140.7 ,148.3 ,155.6 ,162.8 ,169.9 ,176.8 
1,,152,1.6370 ,156.2477 ,0.0468 ,138.6 ,142.1 ,143.9 ,146.7 ,148.6 ,151.3 ,156.2 ,161.1 ,163.7 ,165.4 ,168.0 ,169.6 ,172.7 ,133.2 ,141.2 ,148.8 ,156.2 ,163.5 ,170.5 ,177.3 
1,,153,1.7263 ,156.8487 ,0.0467 ,139.1 ,142.6 ,144.4 ,147.2 ,149.1 ,151.9 ,156.8 ,161.7 ,164.3 ,166.0 ,168.6 ,170.2 ,173.3 ,133.6 ,141.7 ,149.4 ,156.8 ,164.1 ,171.0 ,177.8 
1,,154,1.8155 ,157.4497 ,0.0466 ,139.5 ,143.1 ,145.0 ,147.8 ,149.7 ,152.4 ,157.4 ,162.3 ,164.9 ,166.6 ,169.2 ,170.8 ,173.8 ,134.0 ,142.2 ,150.0 ,157.4 ,164.7 ,171.6 ,178.3 
1,,155,1.9045 ,158.0507 ,0.0465 ,140.0 ,143.6 ,145.5 ,148.4 ,150.3 ,153.0 ,158.1 ,162.9 ,165.5 ,167.2 ,169.8 ,171.4 ,174.4 ,134.4 ,142.7 ,150.5 ,158.1 ,165.3 ,172.2 ,178.9 
1,13,156,2.0111 ,158.6245 ,0.0463 ,140.5 ,144.2 ,146.1 ,148.9 ,150.8 ,153.6 ,158.6 ,163.5 ,166.1 ,167.8 ,170.3 ,171.9 ,174.9 ,134.8 ,143.2 ,151.1 ,158.6 ,165.8 ,172.7 ,179.3 
1,,157,2.1194 ,159.1984 ,0.0460 ,141.0 ,144.7 ,146.6 ,149.5 ,151.4 ,154.2 ,159.2 ,164.1 ,166.6 ,168.3 ,170.8 ,172.4 ,175.3 ,135.2 ,143.7 ,151.7 ,159.2 ,166.3 ,173.2 ,179.7 
1,,158,2.2294 ,159.7724 ,0.0457 ,141.5 ,145.2 ,147.1 ,150.0 ,152.0 ,154.7 ,159.8 ,164.6 ,167.1 ,168.8 ,171.3 ,172.8 ,175.8 ,135.6 ,144.2 ,152.3 ,159.8 ,166.9 ,173.6 ,180.1 
1,,159,2.3410 ,160.3465 ,0.0454 ,142.0 ,145.8 ,147.7 ,150.6 ,152.5 ,155.3 ,160.3 ,165.2 ,167.7 ,169.3 ,171.8 ,173.3 ,176.2 ,136.1 ,144.8 ,152.8 ,160.3 ,167.4 ,174.1 ,180.5 
1,,160,2.4544 ,160.9207 ,0.0452 ,142.5 ,146.3 ,148.2 ,151.2 ,153.1 ,155.9 ,160.9 ,165.7 ,168.2 ,169.9 ,172.3 ,173.8 ,176.7 ,136.5 ,145.3 ,153.4 ,160.9 ,168.0 ,174.6 ,180.9 
1,,161,2.5694 ,161.4949 ,0.0449 ,143.0 ,146.8 ,148.8 ,151.7 ,153.7 ,156.5 ,161.5 ,166.3 ,168.8 ,170.4 ,172.8 ,174.3 ,177.2 ,136.9 ,145.8 ,154.0 ,161.5 ,168.5 ,175.1 ,181.3 
1,,162,2.6754 ,162.0038 ,0.0445 ,143.5 ,147.4 ,149.3 ,152.3 ,154.2 ,157.0 ,162.0 ,166.7 ,169.2 ,170.8 ,173.2 ,174.7 ,177.5 ,137.4 ,146.4 ,154.5 ,162.0 ,169.0 ,175.5 ,181.6 
1,,163,2.7844 ,162.5128 ,0.0440 ,144.1 ,147.9 ,149.9 ,152.8 ,154.8 ,157.6 ,162.5 ,167.2 ,169.6 ,171.3 ,173.6 ,175.1 ,177.8 ,137.8 ,146.9 ,155.1 ,162.5 ,169.4 ,175.8 ,181.9 
1,,164,2.8966 ,163.0218 ,0.0436 ,144.6 ,148.5 ,150.4 ,153.4 ,155.3 ,158.1 ,163.0 ,167.7 ,170.1 ,171.7 ,174.0 ,175.5 ,178.2 ,138.3 ,147.4 ,155.6 ,163.0 ,169.9 ,176.2 ,182.1 
1,,165,3.0121 ,163.5308 ,0.0431 ,145.1 ,149.0 ,151.0 ,153.9 ,155.9 ,158.6 ,163.5 ,168.2 ,170.5 ,172.1 ,174.4 ,175.8 ,178.5 ,138.8 ,148.0 ,156.1 ,163.5 ,170.3 ,176.6 ,182.4 
1,,166,3.1309 ,164.0398 ,0.0427 ,145.6 ,149.5 ,151.5 ,154.5 ,156.4 ,159.2 ,164.0 ,168.6 ,171.0 ,172.5 ,174.8 ,176.2 ,178.9 ,139.3 ,148.5 ,156.7 ,164.0 ,170.7 ,176.9 ,182.7 
1,,167,3.2531 ,164.5488 ,0.0423 ,146.2 ,150.1 ,152.1 ,155.0 ,157.0 ,159.7 ,164.5 ,169.1 ,171.4 ,173.0 ,175.2 ,176.6 ,179.2 ,139.7 ,149.1 ,157.2 ,164.5 ,171.2 ,177.3 ,183.0 
1,14,168,3.3119 ,164.9650 ,0.0417 ,146.7 ,150.6 ,152.6 ,155.5 ,157.4 ,160.2 ,165.0 ,169.5 ,171.8 ,173.3 ,175.5 ,176.9 ,179.5 ,140.3 ,149.6 ,157.7 ,165.0 ,171.5 ,177.6 ,183.2 
1,,169,3.3725 ,165.3813 ,0.0412 ,147.3 ,151.2 ,153.1 ,156.0 ,157.9 ,160.6 ,165.4 ,169.8 ,172.1 ,173.6 ,175.8 ,177.2 ,179.7 ,140.9 ,150.1 ,158.2 ,165.4 ,171.9 ,177.9 ,183.4 
1,,170,3.4351 ,165.7975 ,0.0407 ,147.8 ,151.7 ,153.6 ,156.5 ,158.4 ,161.1 ,165.8 ,170.2 ,172.5 ,174.0 ,176.1 ,177.5 ,180.0 ,141.5 ,150.7 ,158.7 ,165.8 ,172.2 ,178.1 ,183.6 
1,,171,3.4998 ,166.2138 ,0.0402 ,148.4 ,152.2 ,154.2 ,157.0 ,158.9 ,161.5 ,166.2 ,170.6 ,172.8 ,174.3 ,176.4 ,177.8 ,180.2 ,142.1 ,151.2 ,159.2 ,166.2 ,172.6 ,178.4 ,183.8 
1,,172,3.5666 ,166.6301 ,0.0397 ,149.0 ,152.8 ,154.7 ,157.5 ,159.4 ,162.0 ,166.6 ,171.0 ,173.2 ,174.6 ,176.7 ,178.0 ,180.5 ,142.7 ,151.8 ,159.6 ,166.6 ,172.9 ,178.7 ,184.0 
1,,173,3.6357 ,167.0464 ,0.0392 ,149.5 ,153.3 ,155.2 ,158.0 ,159.9 ,162.5 ,167.0 ,171.3 ,173.5 ,174.9 ,177.0 ,178.3 ,180.7 ,143.3 ,152.3 ,160.1 ,167.0 ,173.3 ,179.0 ,184.2 
1,,174,3.6315 ,167.3647 ,0.0388 ,150.0 ,153.8 ,155.6 ,158.4 ,160.2 ,162.8 ,167.4 ,171.6 ,173.8 ,175.2 ,177.3 ,178.6 ,181.0 ,143.9 ,152.8 ,160.5 ,167.4 ,173.6 ,179.2 ,184.4 
1,,175,3.6262 ,167.6831 ,0.0384 ,150.5 ,154.2 ,156.1 ,158.8 ,160.6 ,163.2 ,167.7 ,171.9 ,174.0 ,175.4 ,177.5 ,178.8 ,181.2 ,144.5 ,153.3 ,160.9 ,167.7 ,173.8 ,179.4 ,184.6 
1,,176,3.6198 ,168.0013 ,0.0379 ,151.1 ,154.7 ,156.5 ,159.3 ,161.0 ,163.6 ,168.0 ,172.2 ,174.3 ,175.7 ,177.7 ,179.0 ,181.4 ,145.1 ,153.7 ,161.3 ,168.0 ,174.1 ,179.6 ,184.8 
1,,177,3.6121 ,168.3195 ,0.0375 ,151.6 ,155.2 ,157.0 ,159.7 ,161.4 ,163.9 ,168.3 ,172.4 ,174.6 ,175.9 ,178.0 ,179.2 ,181.6 ,145.7 ,154.2 ,161.7 ,168.3 ,174.3 ,179.9 ,185.0 
1,,178,3.6031 ,168.6377 ,0.0370 ,152.1 ,155.6 ,157.4 ,160.1 ,161.8 ,164.3 ,168.6 ,172.7 ,174.8 ,176.2 ,178.2 ,179.5 ,181.8 ,146.3 ,154.7 ,162.1 ,168.6 ,174.6 ,180.1 ,185.2 
1,,179,3.5927 ,168.9558 ,0.0366 ,152.6 ,156.1 ,157.9 ,160.5 ,162.2 ,164.6 ,169.0 ,173.0 ,175.1 ,176.4 ,178.4 ,179.7 ,182.0 ,146.9 ,155.2 ,162.5 ,169.0 ,174.9 ,180.3 ,185.3 
1,15,180,3.5208 ,169.1812 ,0.0363 ,153.1 ,156.5 ,158.2 ,160.8 ,162.5 ,164.9 ,169.2 ,173.2 ,175.3 ,176.6 ,178.6 ,179.9 ,182.2 ,147.5 ,155.6 ,162.7 ,169.2 ,175.1 ,180.5 ,185.5 
1,,181,3.4457 ,169.4066 ,0.0360 ,153.5 ,156.8 ,158.6 ,161.1 ,162.8 ,165.2 ,169.4 ,173.4 ,175.5 ,176.8 ,178.8 ,180.0 ,182.3 ,148.0 ,156.0 ,163.0 ,169.4 ,175.3 ,180.7 ,185.7 
1,,182,3.3672 ,169.6319 ,0.0357 ,153.9 ,157.2 ,158.9 ,161.4 ,163.1 ,165.4 ,169.6 ,173.6 ,175.6 ,177.0 ,179.0 ,180.2 ,182.5 ,148.6 ,156.3 ,163.3 ,169.6 ,175.4 ,180.8 ,185.9 
1,,183,3.2853 ,169.8571 ,0.0353 ,154.3 ,157.6 ,159.2 ,161.7 ,163.4 ,165.7 ,169.9 ,173.8 ,175.8 ,177.2 ,179.1 ,180.4 ,182.7 ,149.1 ,156.7 ,163.6 ,169.9 ,175.6 ,181.0 ,186.0 
1,,184,3.1997 ,170.0824 ,0.0350 ,154.8 ,158.0 ,159.6 ,162.0 ,163.6 ,166.0 ,170.1 ,174.0 ,176.0 ,177.4 ,179.3 ,180.6 ,182.9 ,149.6 ,157.1 ,163.9 ,170.1 ,175.8 ,181.2 ,186.2 
1,,185,3.1104 ,170.3076 ,0.0347 ,155.2 ,158.3 ,159.9 ,162.3 ,163.9 ,166.2 ,170.3 ,174.2 ,176.2 ,177.6 ,179.5 ,180.7 ,183.0 ,150.2 ,157.5 ,164.2 ,170.3 ,176.0 ,181.4 ,186.4 
1,,186,2.9809 ,170.4684 ,0.0345 ,155.5 ,158.6 ,160.2 ,162.6 ,164.1 ,166.4 ,170.5 ,174.3 ,176.4 ,177.7 ,179.6 ,180.9 ,183.2 ,150.6 ,157.8 ,164.4 ,170.5 ,176.2 ,181.5 ,186.6 
1,,187,2.8483 ,170.6294 ,0.0342 ,155.9 ,158.9 ,160.5 ,162.8 ,164.4 ,166.6 ,170.6 ,174.5 ,176.5 ,177.8 ,179.8 ,181.0 ,183.3 ,151.1 ,158.1 ,164.6 ,170.6 ,176.3 ,181.6 ,186.7 
1,,188,2.7127 ,170.7906 ,0.0340 ,156.2 ,159.2 ,160.7 ,163.0 ,164.6 ,166.8 ,170.8 ,174.6 ,176.6 ,178.0 ,179.9 ,181.2 ,183.5 ,151.6 ,158.4 ,164.8 ,170.8 ,176.4 ,181.8 ,186.9 
1,,189,2.5740 ,170.9520 ,0.0338 ,156.6 ,159.5 ,161.0 ,163.3 ,164.8 ,167.0 ,171.0 ,174.8 ,176.8 ,178.1 ,180.1 ,181.3 ,183.6 ,152.0 ,158.7 ,165.0 ,171.0 ,176.6 ,181.9 ,187.1 
1,,190,2.4321 ,171.1137 ,0.0335 ,156.9 ,159.8 ,161.3 ,163.5 ,165.0 ,167.2 ,171.1 ,174.9 ,176.9 ,178.3 ,180.2 ,181.5 ,183.8 ,152.5 ,159.0 ,165.2 ,171.1 ,176.7 ,182.1 ,187.2 
1,,191,2.2872 ,171.2756 ,0.0333 ,157.3 ,160.1 ,161.5 ,163.8 ,165.2 ,167.4 ,171.3 ,175.1 ,177.1 ,178.4 ,180.3 ,181.6 ,183.9 ,152.9 ,159.3 ,165.4 ,171.3 ,176.9 ,182.2 ,187.4 
1,16,192,2.1540 ,171.3949 ,0.0332 ,157.5 ,160.3 ,161.7 ,163.9 ,165.4 ,167.5 ,171.4 ,175.2 ,177.2 ,178.5 ,180.5 ,181.7 ,184.1 ,153.2 ,159.6 ,165.6 ,171.4 ,177.0 ,182.4 ,187.6 
1,,193,2.0196 ,171.5145 ,0.0330 ,157.8 ,160.5 ,161.9 ,164.1 ,165.5 ,167.7 ,171.5 ,175.3 ,177.3 ,178.6 ,180.6 ,181.8 ,184.2 ,153.6 ,159.8 ,165.8 ,171.5 ,177.1 ,182.5 ,187.7 
1,,194,1.8841 ,171.6344 ,0.0328 ,158.0 ,160.7 ,162.1 ,164.3 ,165.7 ,167.8 ,171.6 ,175.4 ,177.4 ,178.7 ,180.7 ,182.0 ,184.3 ,153.9 ,160.0 ,165.9 ,171.6 ,177.2 ,182.6 ,187.9 
1,,195,1.7474 ,171.7546 ,0.0327 ,158.3 ,160.9 ,162.3 ,164.4 ,165.9 ,167.9 ,171.8 ,175.5 ,177.5 ,178.8 ,180.8 ,182.1 ,184.5 ,154.2 ,160.2 ,166.1 ,171.8 ,177.3 ,182.7 ,188.0 
1,,196,1.6096 ,171.8752 ,0.0325 ,158.5 ,161.2 ,162.5 ,164.6 ,166.0 ,168.1 ,171.9 ,175.6 ,177.6 ,179.0 ,180.9 ,182.2 ,184.6 ,154.6 ,160.5 ,166.2 ,171.9 ,177.4 ,182.8 ,188.2 
1,,197,1.4707 ,171.9960 ,0.0324 ,158.8 ,161.4 ,162.7 ,164.8 ,166.2 ,168.2 ,172.0 ,175.7 ,177.7 ,179.1 ,181.0 ,182.3 ,184.7 ,154.9 ,160.7 ,166.4 ,172.0 ,177.5 ,183.0 ,188.3 
1,,198,1.3966 ,172.0897 ,0.0323 ,158.9 ,161.5 ,162.8 ,164.9 ,166.3 ,168.3 ,172.1 ,175.8 ,177.8 ,179.2 ,181.1 ,182.4 ,184.8 ,155.1 ,160.8 ,166.5 ,172.1 ,177.6 ,183.1 ,188.5 
1,,199,1.3226 ,172.1836 ,0.0323 ,159.1 ,161.6 ,163.0 ,165.0 ,166.4 ,168.4 ,172.2 ,175.9 ,177.9 ,179.3 ,181.3 ,182.5 ,185.0 ,155.2 ,160.9 ,166.6 ,172.2 ,177.7 ,183.2 ,188.6 
1,,200,1.2488 ,172.2775 ,0.0322 ,159.2 ,161.8 ,163.1 ,165.1 ,166.5 ,168.5 ,172.3 ,176.0 ,178.0 ,179.4 ,181.4 ,182.6 ,185.1 ,155.4 ,161.1 ,166.7 ,172.3 ,177.8 ,183.3 ,188.7 
1,,201,1.1751 ,172.3716 ,0.0322 ,159.4 ,161.9 ,163.2 ,165.2 ,166.6 ,168.6 ,172.4 ,176.1 ,178.1 ,179.5 ,181.5 ,182.8 ,185.2 ,155.6 ,161.2 ,166.8 ,172.4 ,177.9 ,183.4 ,188.9 
1,,202,1.1016 ,172.4658 ,0.0321 ,159.5 ,162.0 ,163.3 ,165.3 ,166.7 ,168.7 ,172.5 ,176.2 ,178.2 ,179.6 ,181.6 ,182.9 ,185.3 ,155.8 ,161.3 ,166.9 ,172.5 ,178.0 ,183.5 ,189.0 
1,,203,1.0282 ,172.5600 ,0.0321 ,159.7 ,162.1 ,163.4 ,165.5 ,166.8 ,168.8 ,172.6 ,176.3 ,178.3 ,179.7 ,181.7 ,183.0 ,185.4 ,155.9 ,161.5 ,167.0 ,172.6 ,178.1 ,183.6 ,189.2 
1,17,204,0.9751 ,172.6404 ,0.0321 ,159.8 ,162.2 ,163.5 ,165.5 ,166.9 ,168.9 ,172.6 ,176.4 ,178.4 ,179.7 ,181.8 ,183.1 ,185.5 ,156.0 ,161.6 ,167.1 ,172.6 ,178.2 ,183.7 ,189.3 
1,,205,0.9218 ,172.7207 ,0.0321 ,159.9 ,162.3 ,163.6 ,165.6 ,167.0 ,169.0 ,172.7 ,176.5 ,178.5 ,179.8 ,181.9 ,183.2 ,185.7 ,156.2 ,161.7 ,167.2 ,172.7 ,178.3 ,183.8 ,189.4 
1,,206,0.8685 ,172.8009 ,0.0321 ,160.0 ,162.4 ,163.7 ,165.7 ,167.1 ,169.1 ,172.8 ,176.5 ,178.6 ,179.9 ,182.0 ,183.3 ,185.8 ,156.3 ,161.8 ,167.3 ,172.8 ,178.4 ,183.9 ,189.5 
1,,207,0.8150 ,172.8812 ,0.0321 ,160.1 ,162.5 ,163.8 ,165.8 ,167.1 ,169.1 ,172.9 ,176.6 ,178.6 ,180.0 ,182.0 ,183.4 ,185.9 ,156.4 ,161.9 ,167.4 ,172.9 ,178.4 ,184.0 ,189.7 
1,,208,0.7614 ,172.9614 ,0.0321 ,160.2 ,162.6 ,163.9 ,165.9 ,167.2 ,169.2 ,173.0 ,176.7 ,178.7 ,180.1 ,182.1 ,183.5 ,186.0 ,156.5 ,161.9 ,167.4 ,173.0 ,178.5 ,184.1 ,189.8 
1,,209,0.7077 ,173.0416 ,0.0321 ,160.3 ,162.7 ,164.0 ,166.0 ,167.3 ,169.3 ,173.0 ,176.8 ,178.8 ,180.2 ,182.2 ,183.6 ,186.1 ,156.6 ,162.0 ,167.5 ,173.0 ,178.6 ,184.2 ,189.9 
1,,210,0.6595 ,173.1222 ,0.0321 ,160.4 ,162.8 ,164.1 ,166.1 ,167.4 ,169.4 ,173.1 ,176.9 ,178.9 ,180.3 ,182.3 ,183.7 ,186.2 ,156.7 ,162.1 ,167.6 ,173.1 ,178.7 ,184.3 ,190.1 
1,,211,0.6110 ,173.2027 ,0.0321 ,160.5 ,162.9 ,164.2 ,166.1 ,167.5 ,169.5 ,173.2 ,177.0 ,179.0 ,180.4 ,182.4 ,183.8 ,186.3 ,156.9 ,162.2 ,167.7 ,173.2 ,178.8 ,184.4 ,190.2 
1,,212,0.5623 ,173.2832 ,0.0321 ,160.6 ,163.0 ,164.3 ,166.2 ,167.6 ,169.6 ,173.3 ,177.0 ,179.1 ,180.5 ,182.5 ,183.9 ,186.4 ,157.0 ,162.3 ,167.8 ,173.3 ,178.9 ,184.5 ,190.3 
1,,213,0.5134 ,173.3636 ,0.0320 ,160.7 ,163.1 ,164.3 ,166.3 ,167.7 ,169.6 ,173.4 ,177.1 ,179.2 ,180.6 ,182.6 ,184.0 ,186.5 ,157.1 ,162.4 ,167.9 ,173.4 ,179.0 ,184.6 ,190.4 
1,,214,0.4642 ,173.4440 ,0.0320 ,160.8 ,163.2 ,164.4 ,166.4 ,167.7 ,169.7 ,173.4 ,177.2 ,179.3 ,180.6 ,182.7 ,184.1 ,186.6 ,157.2 ,162.5 ,167.9 ,173.4 ,179.0 ,184.7 ,190.5 
1,,215,0.4148 ,173.5244 ,0.0320 ,160.9 ,163.3 ,164.5 ,166.5 ,167.8 ,169.8 ,173.5 ,177.3 ,179.3 ,180.7 ,182.8 ,184.2 ,186.7 ,157.3 ,162.6 ,168.0 ,173.5 ,179.1 ,184.8 ,190.7 
1,18,216,0.3638 ,173.6037 ,0.0320 ,161.0 ,163.3 ,164.6 ,166.6 ,167.9 ,169.9 ,173.6 ,177.4 ,179.4 ,180.8 ,182.9 ,184.3 ,186.8 ,157.4 ,162.7 ,168.1 ,173.6 ,179.2 ,184.9 ,190.8 
1,,217,0.3126 ,173.6830 ,0.0320 ,161.1 ,163.4 ,164.7 ,166.7 ,168.0 ,170.0 ,173.7 ,177.5 ,179.5 ,180.9 ,183.0 ,184.4 ,187.0 ,157.5 ,162.8 ,168.2 ,173.7 ,179.3 ,185.0 ,190.9 
1,,218,0.2611 ,173.7622 ,0.0320 ,161.2 ,163.5 ,164.8 ,166.7 ,168.1 ,170.0 ,173.8 ,177.5 ,179.6 ,181.0 ,183.1 ,184.5 ,187.1 ,157.7 ,162.9 ,168.3 ,173.8 ,179.4 ,185.1 ,191.0 
1,,219,0.2094 ,173.8413 ,0.0320 ,161.3 ,163.6 ,164.9 ,166.8 ,168.2 ,170.1 ,173.8 ,177.6 ,179.7 ,181.1 ,183.2 ,184.6 ,187.2 ,157.8 ,163.0 ,168.3 ,173.8 ,179.5 ,185.2 ,191.2 
1,,220,0.1573 ,173.9204 ,0.0320 ,161.4 ,163.7 ,165.0 ,166.9 ,168.2 ,170.2 ,173.9 ,177.7 ,179.8 ,181.2 ,183.3 ,184.7 ,187.3 ,157.9 ,163.1 ,168.4 ,173.9 ,179.6 ,185.4 ,191.3 
1,,221,0.1050 ,173.9995 ,0.0320 ,161.5 ,163.8 ,165.1 ,167.0 ,168.3 ,170.3 ,174.0 ,177.8 ,179.9 ,181.3 ,183.4 ,184.8 ,187.4 ,158.0 ,163.2 ,168.5 ,174.0 ,179.6 ,185.5 ,191.4 
1,,222,0.0449 ,174.0764 ,0.0320 ,161.6 ,163.9 ,165.1 ,167.1 ,168.4 ,170.4 ,174.1 ,177.9 ,179.9 ,181.3 ,183.5 ,184.8 ,187.5 ,158.1 ,163.3 ,168.6 ,174.1 ,179.7 ,185.6 ,191.6 
1,,223,-0.0155 ,174.1532 ,0.0320 ,161.7 ,164.0 ,165.2 ,167.2 ,168.5 ,170.4 ,174.2 ,177.9 ,180.0 ,181.4 ,183.6 ,184.9 ,187.6 ,158.2 ,163.4 ,168.7 ,174.2 ,179.8 ,185.7 ,191.7 
1,,224,-0.0764 ,174.2300 ,0.0320 ,161.8 ,164.1 ,165.3 ,167.3 ,168.6 ,170.5 ,174.2 ,178.0 ,180.1 ,181.5 ,183.7 ,185.0 ,187.7 ,158.4 ,163.5 ,168.8 ,174.2 ,179.9 ,185.8 ,191.8 
1,,225,-0.1377 ,174.3067 ,0.0319 ,161.9 ,164.2 ,165.4 ,167.3 ,168.6 ,170.6 ,174.3 ,178.1 ,180.2 ,181.6 ,183.7 ,185.1 ,187.8 ,158.5 ,163.6 ,168.8 ,174.3 ,180.0 ,185.9 ,192.0 
1,,226,-0.1994 ,174.3833 ,0.0319 ,162.0 ,164.3 ,165.5 ,167.4 ,168.7 ,170.7 ,174.4 ,178.2 ,180.3 ,181.7 ,183.8 ,185.2 ,187.9 ,158.6 ,163.7 ,168.9 ,174.4 ,180.1 ,186.0 ,192.1 
1,,227,-0.2615 ,174.4598 ,0.0319 ,162.1 ,164.4 ,165.6 ,167.5 ,168.8 ,170.8 ,174.5 ,178.3 ,180.4 ,181.8 ,183.9 ,185.3 ,188.0 ,158.7 ,163.8 ,169.0 ,174.5 ,180.1 ,186.1 ,192.2 
2,0,0,1.0000 ,49.1477 ,0.0379 ,44.8 ,45.6 ,46.1 ,46.8 ,47.2 ,47.9 ,49.1 ,50.4 ,51.1 ,51.5 ,52.2 ,52.7 ,53.5 ,43.6 ,45.4 ,47.3 ,49.1 ,51.0 ,52.9 ,54.7 
2,,1,1.0000 ,53.6872 ,0.0364 ,49.1 ,50.0 ,50.5 ,51.2 ,51.7 ,52.4 ,53.7 ,55.0 ,55.7 ,56.2 ,56.9 ,57.4 ,58.2 ,47.8 ,49.8 ,51.7 ,53.7 ,55.6 ,57.6 ,59.5 
2,,2,1.0000 ,57.0673 ,0.0357 ,52.3 ,53.2 ,53.7 ,54.5 ,55.0 ,55.7 ,57.1 ,58.4 ,59.2 ,59.7 ,60.4 ,60.9 ,61.8 ,51.0 ,53.0 ,55.0 ,57.1 ,59.1 ,61.1 ,63.2 
2,,3,1.0000 ,59.8029 ,0.0352 ,54.9 ,55.8 ,56.3 ,57.1 ,57.6 ,58.4 ,59.8 ,61.2 ,62.0 ,62.5 ,63.3 ,63.8 ,64.7 ,53.5 ,55.6 ,57.7 ,59.8 ,61.9 ,64.0 ,66.1 
2,,4,1.0000 ,62.0899 ,0.0349 ,57.1 ,58.0 ,58.5 ,59.3 ,59.8 ,60.6 ,62.1 ,63.5 ,64.3 ,64.9 ,65.7 ,66.2 ,67.1 ,55.6 ,57.8 ,59.9 ,62.1 ,64.3 ,66.4 ,68.6 
2,,5,1.0000 ,64.0301 ,0.0346 ,58.9 ,59.9 ,60.4 ,61.2 ,61.7 ,62.5 ,64.0 ,65.5 ,66.3 ,66.9 ,67.7 ,68.2 ,69.2 ,57.4 ,59.6 ,61.8 ,64.0 ,66.2 ,68.5 ,70.7 
2,,6,1.0000 ,65.7311 ,0.0345 ,60.5 ,61.5 ,62.0 ,62.8 ,63.4 ,64.2 ,65.7 ,67.3 ,68.1 ,68.6 ,69.5 ,70.0 ,71.0 ,58.9 ,61.2 ,63.5 ,65.7 ,68.0 ,70.3 ,72.5 
2,,7,1.0000 ,67.2873 ,0.0344 ,61.9 ,62.9 ,63.5 ,64.3 ,64.9 ,65.7 ,67.3 ,68.8 ,69.7 ,70.3 ,71.1 ,71.6 ,72.7 ,60.3 ,62.7 ,65.0 ,67.3 ,69.6 ,71.9 ,74.2 
2,,8,1.0000 ,68.7498 ,0.0344 ,63.2 ,64.3 ,64.9 ,65.7 ,66.3 ,67.2 ,68.7 ,70.3 ,71.2 ,71.8 ,72.6 ,73.2 ,74.3 ,61.7 ,64.0 ,66.4 ,68.7 ,71.1 ,73.5 ,75.8 
2,,9,1.0000 ,70.1435 ,0.0344 ,64.5 ,65.6 ,66.2 ,67.0 ,67.6 ,68.5 ,70.1 ,71.8 ,72.6 ,73.2 ,74.1 ,74.7 ,75.8 ,62.9 ,65.3 ,67.7 ,70.1 ,72.6 ,75.0 ,77.4 
2,,10,1.0000 ,71.4818 ,0.0345 ,65.7 ,66.8 ,67.4 ,68.3 ,68.9 ,69.8 ,71.5 ,73.1 ,74.0 ,74.6 ,75.5 ,76.1 ,77.2 ,64.1 ,66.5 ,69.0 ,71.5 ,73.9 ,76.4 ,78.9 
2,,11,1.0000 ,72.7710 ,0.0346 ,66.9 ,68.0 ,68.6 ,69.5 ,70.2 ,71.1 ,72.8 ,74.5 ,75.4 ,76.0 ,76.9 ,77.5 ,78.6 ,65.2 ,67.7 ,70.3 ,72.8 ,75.3 ,77.8 ,80.3 
2,1,12,1.0000 ,74.0150 ,0.0348 ,68.0 ,69.2 ,69.8 ,70.7 ,71.3 ,72.3 ,74.0 ,75.8 ,76.7 ,77.3 ,78.3 ,78.9 ,80.0 ,66.3 ,68.9 ,71.4 ,74.0 ,76.6 ,79.2 ,81.7 
2,,13,1.0000 ,75.2176 ,0.0350 ,69.1 ,70.3 ,70.9 ,71.8 ,72.5 ,73.4 ,75.2 ,77.0 ,77.9 ,78.6 ,79.5 ,80.2 ,81.3 ,67.3 ,70.0 ,72.6 ,75.2 ,77.8 ,80.5 ,83.1 
2,,14,1.0000 ,76.3817 ,0.0351 ,70.1 ,71.3 ,72.0 ,72.9 ,73.6 ,74.6 ,76.4 ,78.2 ,79.2 ,79.8 ,80.8 ,81.4 ,82.6 ,68.3 ,71.0 ,73.7 ,76.4 ,79.1 ,81.7 ,84.4 
2,,15,1.0000 ,77.5099 ,0.0353 ,71.1 ,72.4 ,73.0 ,74.0 ,74.7 ,75.7 ,77.5 ,79.4 ,80.3 ,81.0 ,82.0 ,82.7 ,83.9 ,69.3 ,72.0 ,74.8 ,77.5 ,80.2 ,83.0 ,85.7 
2,,16,1.0000 ,78.6055 ,0.0356 ,72.1 ,73.3 ,74.0 ,75.0 ,75.7 ,76.7 ,78.6 ,80.5 ,81.5 ,82.2 ,83.2 ,83.9 ,85.1 ,70.2 ,73.0 ,75.8 ,78.6 ,81.4 ,84.2 ,87.0 
2,,17,1.0000 ,79.6710 ,0.0358 ,73.0 ,74.3 ,75.0 ,76.0 ,76.7 ,77.7 ,79.7 ,81.6 ,82.6 ,83.3 ,84.4 ,85.0 ,86.3 ,71.1 ,74.0 ,76.8 ,79.7 ,82.5 ,85.4 ,88.2 
2,,18,1.0000 ,80.7079 ,0.0360 ,74.0 ,75.2 ,75.9 ,77.0 ,77.7 ,78.7 ,80.7 ,82.7 ,83.7 ,84.4 ,85.5 ,86.2 ,87.5 ,72.0 ,74.9 ,77.8 ,80.7 ,83.6 ,86.5 ,89.4 
2,,19,1.0000 ,81.7182 ,0.0362 ,74.8 ,76.2 ,76.9 ,77.9 ,78.7 ,79.7 ,81.7 ,83.7 ,84.8 ,85.5 ,86.6 ,87.3 ,88.6 ,72.8 ,75.8 ,78.8 ,81.7 ,84.7 ,87.6 ,90.6 
2,,20,1.0000 ,82.7036 ,0.0364 ,75.7 ,77.0 ,77.7 ,78.8 ,79.6 ,80.7 ,82.7 ,84.7 ,85.8 ,86.6 ,87.7 ,88.4 ,89.7 ,73.7 ,76.7 ,79.7 ,82.7 ,85.7 ,88.7 ,91.7 
2,,21,1.0000 ,83.6654 ,0.0367 ,76.5 ,77.9 ,78.6 ,79.7 ,80.5 ,81.6 ,83.7 ,85.7 ,86.8 ,87.6 ,88.7 ,89.4 ,90.8 ,74.5 ,77.5 ,80.6 ,83.7 ,86.7 ,89.8 ,92.9 
2,,22,1.0000 ,84.6040 ,0.0369 ,77.3 ,78.7 ,79.5 ,80.6 ,81.4 ,82.5 ,84.6 ,86.7 ,87.8 ,88.6 ,89.7 ,90.5 ,91.9 ,75.2 ,78.4 ,81.5 ,84.6 ,87.7 ,90.8 ,94.0 
2,,23,1.0000 ,85.5202 ,0.0371 ,78.1 ,79.6 ,80.3 ,81.5 ,82.2 ,83.4 ,85.5 ,87.7 ,88.8 ,89.6 ,90.7 ,91.5 ,92.9 ,76.0 ,79.2 ,82.3 ,85.5 ,88.7 ,91.9 ,95.0 
2,2,24,1.0000 ,85.7153 ,0.0376 ,78.2 ,79.6 ,80.4 ,81.6 ,82.4 ,83.5 ,85.7 ,87.9 ,89.1 ,89.9 ,91.0 ,91.8 ,93.2 ,76.0 ,79.3 ,82.5 ,85.7 ,88.9 ,92.2 ,95.4 
2,,25,1.0000 ,86.5904 ,0.0379 ,79.0 ,80.4 ,81.2 ,82.4 ,83.2 ,84.4 ,86.6 ,88.8 ,90.0 ,90.8 ,92.0 ,92.8 ,94.2 ,76.8 ,80.0 ,83.3 ,86.6 ,89.9 ,93.1 ,96.4 
2,,26,1.0000 ,87.4462 ,0.0381 ,79.7 ,81.2 ,82.0 ,83.2 ,84.0 ,85.2 ,87.4 ,89.7 ,90.9 ,91.7 ,92.9 ,93.7 ,95.2 ,77.5 ,80.8 ,84.1 ,87.4 ,90.8 ,94.1 ,97.4 
2,,27,1.0000 ,88.2830 ,0.0383 ,80.4 ,81.9 ,82.7 ,83.9 ,84.8 ,86.0 ,88.3 ,90.6 ,91.8 ,92.6 ,93.8 ,94.6 ,96.1 ,78.1 ,81.5 ,84.9 ,88.3 ,91.7 ,95.0 ,98.4 
2,,28,1.0000 ,89.1004 ,0.0385 ,81.1 ,82.6 ,83.5 ,84.7 ,85.5 ,86.8 ,89.1 ,91.4 ,92.7 ,93.5 ,94.7 ,95.6 ,97.1 ,78.8 ,82.2 ,85.7 ,89.1 ,92.5 ,96.0 ,99.4 
2,,29,1.0000 ,89.8991 ,0.0387 ,81.8 ,83.4 ,84.2 ,85.4 ,86.3 ,87.6 ,89.9 ,92.2 ,93.5 ,94.4 ,95.6 ,96.4 ,98.0 ,79.5 ,82.9 ,86.4 ,89.9 ,93.4 ,96.9 ,100.3 
2,,30,1.0000 ,90.6797 ,0.0389 ,82.5 ,84.0 ,84.9 ,86.2 ,87.0 ,88.3 ,90.7 ,93.1 ,94.3 ,95.2 ,96.5 ,97.3 ,98.9 ,80.1 ,83.6 ,87.1 ,90.7 ,94.2 ,97.7 ,101.3 
2,,31,1.0000 ,91.4430 ,0.0391 ,83.1 ,84.7 ,85.6 ,86.9 ,87.7 ,89.0 ,91.4 ,93.9 ,95.2 ,96.0 ,97.3 ,98.2 ,99.8 ,80.7 ,84.3 ,87.9 ,91.4 ,95.0 ,98.6 ,102.2 
2,,32,1.0000 ,92.1906 ,0.0393 ,83.8 ,85.4 ,86.2 ,87.5 ,88.4 ,89.7 ,92.2 ,94.6 ,95.9 ,96.8 ,98.2 ,99.0 ,100.6 ,81.3 ,84.9 ,88.6 ,92.2 ,95.8 ,99.4 ,103.1 
2,,33,1.0000 ,92.9239 ,0.0395 ,84.4 ,86.0 ,86.9 ,88.2 ,89.1 ,90.4 ,92.9 ,95.4 ,96.7 ,97.6 ,99.0 ,99.8 ,101.5 ,81.9 ,85.6 ,89.3 ,92.9 ,96.6 ,100.3 ,103.9 
2,,34,1.0000 ,93.6444 ,0.0397 ,85.0 ,86.7 ,87.5 ,88.9 ,89.8 ,91.1 ,93.6 ,96.2 ,97.5 ,98.4 ,99.8 ,100.6 ,102.3 ,82.5 ,86.2 ,89.9 ,93.6 ,97.4 ,101.1 ,104.8 
2,,35,1.0000 ,94.3533 ,0.0399 ,85.6 ,87.3 ,88.2 ,89.5 ,90.5 ,91.8 ,94.4 ,96.9 ,98.3 ,99.2 ,100.5 ,101.4 ,103.1 ,83.1 ,86.8 ,90.6 ,94.4 ,98.1 ,101.9 ,105.6 
2,3,36,0.5472 ,95.4078 ,0.0413 ,86.4 ,88.1 ,89.0 ,90.4 ,91.4 ,92.8 ,95.4 ,98.1 ,99.5 ,100.5 ,102.0 ,103.0 ,104.8 ,83.9 ,87.7 ,91.5 ,95.4 ,99.4 ,103.4 ,107.6 
2,,37,0.4997 ,95.9472 ,0.0412 ,87.0 ,88.7 ,89.6 ,90.9 ,91.9 ,93.3 ,95.9 ,98.6 ,100.1 ,101.1 ,102.6 ,103.5 ,105.4 ,84.4 ,88.2 ,92.0 ,95.9 ,99.9 ,104.0 ,108.2 
2,,38,0.4525 ,96.4867 ,0.0411 ,87.5 ,89.2 ,90.1 ,91.5 ,92.4 ,93.8 ,96.5 ,99.2 ,100.6 ,101.6 ,103.1 ,104.1 ,106.0 ,85.0 ,88.7 ,92.6 ,96.5 ,100.5 ,104.6 ,108.8 
2,,39,0.4056 ,97.0262 ,0.0410 ,88.0 ,89.7 ,90.6 ,92.0 ,93.0 ,94.4 ,97.0 ,99.7 ,101.2 ,102.2 ,103.7 ,104.7 ,106.5 ,85.5 ,89.3 ,93.1 ,97.0 ,101.1 ,105.2 ,109.4 
2,,40,0.3590 ,97.5658 ,0.0409 ,88.6 ,90.2 ,91.1 ,92.5 ,93.5 ,94.9 ,97.6 ,100.3 ,101.8 ,102.8 ,104.3 ,105.3 ,107.1 ,86.1 ,89.8 ,93.6 ,97.6 ,101.6 ,105.8 ,110.0 
2,,41,0.3126 ,98.1054 ,0.0408 ,89.1 ,90.8 ,91.7 ,93.1 ,94.0 ,95.4 ,98.1 ,100.8 ,102.3 ,103.3 ,104.8 ,105.8 ,107.7 ,86.6 ,90.3 ,94.2 ,98.1 ,102.2 ,106.3 ,110.6 
2,,42,0.2825 ,98.6465 ,0.0407 ,89.6 ,91.3 ,92.2 ,93.6 ,94.5 ,96.0 ,98.6 ,101.4 ,102.9 ,103.9 ,105.4 ,106.4 ,108.3 ,87.1 ,90.8 ,94.7 ,98.6 ,102.7 ,106.9 ,111.2 
2,,43,0.2526 ,99.1877 ,0.0406 ,90.1 ,91.8 ,92.7 ,94.1 ,95.1 ,96.5 ,99.2 ,101.9 ,103.4 ,104.5 ,106.0 ,107.0 ,108.9 ,87.6 ,91.4 ,95.2 ,99.2 ,103.3 ,107.5 ,111.8 
2,,44,0.2229 ,99.7288 ,0.0405 ,90.7 ,92.4 ,93.3 ,94.7 ,95.6 ,97.0 ,99.7 ,102.5 ,104.0 ,105.0 ,106.5 ,107.6 ,109.5 ,88.2 ,91.9 ,95.8 ,99.7 ,103.8 ,108.1 ,112.4 
2,,45,0.1934 ,100.2700 ,0.0404 ,91.2 ,92.9 ,93.8 ,95.2 ,96.1 ,97.6 ,100.3 ,103.0 ,104.5 ,105.6 ,107.1 ,108.1 ,110.1 ,88.7 ,92.4 ,96.3 ,100.3 ,104.4 ,108.6 ,113.0 
2,,46,0.1640 ,100.8113 ,0.0403 ,91.7 ,93.4 ,94.3 ,95.7 ,96.7 ,98.1 ,100.8 ,103.6 ,105.1 ,106.1 ,107.7 ,108.7 ,110.6 ,89.2 ,93.0 ,96.8 ,100.8 ,104.9 ,109.2 ,113.6 
2,,47,0.1348 ,101.3525 ,0.0402 ,92.2 ,93.9 ,94.8 ,96.2 ,97.2 ,98.6 ,101.4 ,104.1 ,105.7 ,106.7 ,108.3 ,109.3 ,111.2 ,89.7 ,93.5 ,97.3 ,101.4 ,105.5 ,109.8 ,114.2 
2,4,48,0.1129 ,101.8943 ,0.0401 ,92.8 ,94.5 ,95.4 ,96.8 ,97.7 ,99.2 ,101.9 ,104.7 ,106.2 ,107.3 ,108.8 ,109.8 ,111.8 ,90.3 ,94.0 ,97.9 ,101.9 ,106.1 ,110.4 ,114.8 
2,,49,0.0912 ,102.4361 ,0.0400 ,93.3 ,95.0 ,95.9 ,97.3 ,98.3 ,99.7 ,102.4 ,105.2 ,106.8 ,107.8 ,109.4 ,110.4 ,112.4 ,90.8 ,94.5 ,98.4 ,102.4 ,106.6 ,110.9 ,115.4 
2,,50,0.0695 ,102.9779 ,0.0399 ,93.8 ,95.5 ,96.4 ,97.8 ,98.8 ,100.2 ,103.0 ,105.8 ,107.3 ,108.4 ,110.0 ,111.0 ,113.0 ,91.3 ,95.1 ,98.9 ,103.0 ,107.2 ,111.5 ,116.0 
2,,51,0.0480 ,103.5197 ,0.0398 ,94.3 ,96.0 ,96.9 ,98.4 ,99.3 ,100.8 ,103.5 ,106.3 ,107.9 ,108.9 ,110.5 ,111.6 ,113.5 ,91.8 ,95.6 ,99.5 ,103.5 ,107.7 ,112.1 ,116.6 
2,,52,0.0267 ,104.0616 ,0.0397 ,94.9 ,96.6 ,97.5 ,98.9 ,99.9 ,101.3 ,104.1 ,106.9 ,108.4 ,109.5 ,111.1 ,112.1 ,114.1 ,92.4 ,96.1 ,100.0 ,104.1 ,108.3 ,112.7 ,117.2 
2,,53,0.0054 ,104.6034 ,0.0396 ,95.4 ,97.1 ,98.0 ,99.4 ,100.4 ,101.8 ,104.6 ,107.4 ,109.0 ,110.1 ,111.6 ,112.7 ,114.7 ,92.9 ,96.6 ,100.5 ,104.6 ,108.8 ,113.2 ,117.8 
2,,54,-0.0216 ,105.1425 ,0.0395 ,95.9 ,97.6 ,98.5 ,99.9 ,100.9 ,102.4 ,105.1 ,108.0 ,109.5 ,110.6 ,112.2 ,113.3 ,115.3 ,93.4 ,97.2 ,101.1 ,105.1 ,109.4 ,113.8 ,118.4 
2,,55,-0.0484 ,105.6816 ,0.0395 ,96.4 ,98.1 ,99.1 ,100.5 ,101.5 ,102.9 ,105.7 ,108.5 ,110.1 ,111.2 ,112.8 ,113.8 ,115.9 ,93.9 ,97.7 ,101.6 ,105.7 ,109.9 ,114.4 ,119.0 
2,,56,-0.0751 ,106.2208 ,0.0394 ,97.0 ,98.7 ,99.6 ,101.0 ,102.0 ,103.4 ,106.2 ,109.1 ,110.7 ,111.7 ,113.3 ,114.4 ,116.4 ,94.4 ,98.2 ,102.1 ,106.2 ,110.5 ,114.9 ,119.6 
2,,57,-0.1016 ,106.7600 ,0.0393 ,97.5 ,99.2 ,100.1 ,101.5 ,102.5 ,104.0 ,106.8 ,109.6 ,111.2 ,112.3 ,113.9 ,115.0 ,117.0 ,95.0 ,98.7 ,102.7 ,106.8 ,111.0 ,115.5 ,120.2 
2,,58,-0.1280 ,107.2992 ,0.0392 ,98.0 ,99.7 ,100.6 ,102.1 ,103.0 ,104.5 ,107.3 ,110.2 ,111.8 ,112.8 ,114.5 ,115.5 ,117.6 ,95.5 ,99.3 ,103.2 ,107.3 ,111.6 ,116.1 ,120.8 
2,,59,-0.1543 ,107.8384 ,0.0391 ,98.5 ,100.2 ,101.2 ,102.6 ,103.6 ,105.0 ,107.8 ,110.7 ,112.3 ,113.4 ,115.0 ,116.1 ,118.2 ,96.0 ,99.8 ,103.7 ,107.8 ,112.2 ,116.7 ,121.4 
2,5,60,-0.1404 ,108.3714 ,0.0390 ,99.0 ,100.7 ,101.7 ,103.1 ,104.1 ,105.6 ,108.4 ,111.3 ,112.9 ,114.0 ,115.6 ,116.7 ,118.7 ,96.5 ,100.3 ,104.2 ,108.4 ,112.7 ,117.2 ,122.0 
2,,61,-0.1266 ,108.9045 ,0.0390 ,99.5 ,101.2 ,102.2 ,103.6 ,104.6 ,106.1 ,108.9 ,111.8 ,113.4 ,114.5 ,116.1 ,117.2 ,119.3 ,97.0 ,100.8 ,104.8 ,108.9 ,113.2 ,117.8 ,122.5 
2,,62,-0.1130 ,109.4375 ,0.0389 ,100.0 ,101.7 ,102.7 ,104.1 ,105.1 ,106.6 ,109.4 ,112.4 ,114.0 ,115.1 ,116.7 ,117.8 ,119.9 ,97.5 ,101.3 ,105.3 ,109.4 ,113.8 ,118.3 ,123.1 
2,,63,-0.0994 ,109.9706 ,0.0389 ,100.5 ,102.2 ,103.2 ,104.6 ,105.6 ,107.1 ,110.0 ,112.9 ,114.5 ,115.6 ,117.3 ,118.3 ,120.4 ,97.9 ,101.8 ,105.8 ,110.0 ,114.3 ,118.9 ,123.7 
2,,64,-0.0860 ,110.5036 ,0.0388 ,101.0 ,102.7 ,103.7 ,105.2 ,106.2 ,107.7 ,110.5 ,113.4 ,115.0 ,116.2 ,117.8 ,118.9 ,121.0 ,98.4 ,102.3 ,106.3 ,110.5 ,114.9 ,119.5 ,124.2 
2,,65,-0.0726 ,111.0366 ,0.0388 ,101.5 ,103.3 ,104.2 ,105.7 ,106.7 ,108.2 ,111.0 ,114.0 ,115.6 ,116.7 ,118.4 ,119.5 ,121.5 ,98.9 ,102.8 ,106.8 ,111.0 ,115.4 ,120.0 ,124.8 
2,,66,-0.0272 ,111.5656 ,0.0388 ,102.0 ,103.7 ,104.7 ,106.2 ,107.2 ,108.7 ,111.6 ,114.5 ,116.1 ,117.3 ,118.9 ,120.0 ,122.1 ,99.3 ,103.3 ,107.3 ,111.6 ,116.0 ,120.6 ,125.3 
2,,67,0.0175 ,112.0946 ,0.0388 ,102.4 ,104.2 ,105.2 ,106.7 ,107.7 ,109.2 ,112.1 ,115.1 ,116.7 ,117.8 ,119.5 ,120.6 ,122.7 ,99.8 ,103.7 ,107.8 ,112.1 ,116.5 ,121.1 ,125.9 
2,,68,0.0614 ,112.6235 ,0.0388 ,102.9 ,104.7 ,105.7 ,107.2 ,108.2 ,109.7 ,112.6 ,115.6 ,117.2 ,118.4 ,120.0 ,121.1 ,123.2 ,100.2 ,104.2 ,108.3 ,112.6 ,117.1 ,121.7 ,126.5 
2,,69,0.1047 ,113.1523 ,0.0388 ,103.4 ,105.2 ,106.1 ,107.7 ,108.7 ,110.2 ,113.2 ,116.1 ,117.8 ,118.9 ,120.6 ,121.7 ,123.8 ,100.7 ,104.7 ,108.8 ,113.2 ,117.6 ,122.2 ,127.0 
2,,70,0.1472 ,113.6811 ,0.0388 ,103.8 ,105.6 ,106.6 ,108.2 ,109.2 ,110.7 ,113.7 ,116.7 ,118.3 ,119.4 ,121.1 ,122.2 ,124.3 ,101.1 ,105.2 ,109.3 ,113.7 ,118.2 ,122.8 ,127.6 
2,,71,0.1891 ,114.2098 ,0.0388 ,104.3 ,106.1 ,107.1 ,108.6 ,109.7 ,111.3 ,114.2 ,117.2 ,118.9 ,120.0 ,121.7 ,122.8 ,124.9 ,101.5 ,105.6 ,109.9 ,114.2 ,118.7 ,123.3 ,128.1 
2,6,72,0.2115 ,114.7289 ,0.0388 ,104.7 ,106.6 ,107.6 ,109.1 ,110.2 ,111.8 ,114.7 ,117.8 ,119.4 ,120.5 ,122.2 ,123.3 ,125.5 ,102.0 ,106.1 ,110.3 ,114.7 ,119.2 ,123.9 ,128.7 
2,,73,0.2335 ,115.2479 ,0.0388 ,105.2 ,107.1 ,108.1 ,109.6 ,110.7 ,112.3 ,115.2 ,118.3 ,120.0 ,121.1 ,122.8 ,123.9 ,126.0 ,102.4 ,106.6 ,110.8 ,115.2 ,119.8 ,124.5 ,129.3 
2,,74,0.2550 ,115.7670 ,0.0389 ,105.6 ,107.5 ,108.5 ,110.1 ,111.2 ,112.8 ,115.8 ,118.8 ,120.5 ,121.6 ,123.3 ,124.5 ,126.6 ,102.8 ,107.0 ,111.3 ,115.8 ,120.3 ,125.0 ,129.9 
2,,75,0.2762 ,116.2860 ,0.0389 ,106.1 ,108.0 ,109.0 ,110.6 ,111.7 ,113.3 ,116.3 ,119.4 ,121.0 ,122.2 ,123.9 ,125.0 ,127.2 ,103.3 ,107.5 ,111.8 ,116.3 ,120.9 ,125.6 ,130.4 
2,,76,0.2970 ,116.8050 ,0.0390 ,106.6 ,108.5 ,109.5 ,111.1 ,112.2 ,113.8 ,116.8 ,119.9 ,121.6 ,122.7 ,124.5 ,125.6 ,127.7 ,103.7 ,108.0 ,112.3 ,116.8 ,121.4 ,126.2 ,131.0 
2,,77,0.3174 ,117.3240 ,0.0390 ,107.0 ,108.9 ,110.0 ,111.6 ,112.6 ,114.3 ,117.3 ,120.4 ,122.1 ,123.3 ,125.0 ,126.1 ,128.3 ,104.1 ,108.4 ,112.8 ,117.3 ,122.0 ,126.7 ,131.6 
2,,78,0.2769 ,117.8257 ,0.0391 ,107.5 ,109.4 ,110.4 ,112.0 ,113.1 ,114.8 ,117.8 ,121.0 ,122.7 ,123.8 ,125.6 ,126.7 ,128.9 ,104.6 ,108.9 ,113.3 ,117.8 ,122.5 ,127.3 ,132.2 
2,,79,0.2373 ,118.3274 ,0.0391 ,107.9 ,109.9 ,110.9 ,112.5 ,113.6 ,115.2 ,118.3 ,121.5 ,123.2 ,124.4 ,126.1 ,127.3 ,129.5 ,105.0 ,109.3 ,113.8 ,118.3 ,123.0 ,127.9 ,132.9 
2,,80,0.1986 ,118.8292 ,0.0392 ,108.4 ,110.3 ,111.4 ,113.0 ,114.1 ,115.7 ,118.8 ,122.0 ,123.7 ,124.9 ,126.7 ,127.9 ,130.1 ,105.5 ,109.8 ,114.2 ,118.8 ,123.6 ,128.4 ,133.5 
2,,81,0.1606 ,119.3310 ,0.0393 ,108.8 ,110.8 ,111.8 ,113.4 ,114.6 ,116.2 ,119.3 ,122.5 ,124.3 ,125.5 ,127.3 ,128.4 ,130.7 ,105.9 ,110.3 ,114.7 ,119.3 ,124.1 ,129.0 ,134.1 
2,,82,0.1235 ,119.8329 ,0.0394 ,109.3 ,111.2 ,112.3 ,113.9 ,115.0 ,116.7 ,119.8 ,123.1 ,124.8 ,126.0 ,127.8 ,129.0 ,131.3 ,106.4 ,110.7 ,115.2 ,119.8 ,124.6 ,129.6 ,134.7 
2,,83,0.0872 ,120.3348 ,0.0394 ,109.7 ,111.7 ,112.8 ,114.4 ,115.5 ,117.2 ,120.3 ,123.6 ,125.3 ,126.6 ,128.4 ,129.6 ,131.9 ,106.8 ,111.2 ,115.7 ,120.3 ,125.2 ,130.2 ,135.4 
2,7,84,0.0163 ,120.8229 ,0.0396 ,110.2 ,112.2 ,113.2 ,114.8 ,116.0 ,117.6 ,120.8 ,124.1 ,125.9 ,127.1 ,128.9 ,130.2 ,132.5 ,107.3 ,111.6 ,116.1 ,120.8 ,125.7 ,130.8 ,136.0 
2,,85,-0.0528 ,121.3110 ,0.0397 ,110.6 ,112.6 ,113.7 ,115.3 ,116.4 ,118.1 ,121.3 ,124.6 ,126.4 ,127.6 ,129.5 ,130.7 ,133.1 ,107.7 ,112.1 ,116.6 ,121.3 ,126.2 ,131.4 ,136.7 
2,,86,-0.1201 ,121.7993 ,0.0398 ,111.1 ,113.1 ,114.1 ,115.8 ,116.9 ,118.6 ,121.8 ,125.1 ,126.9 ,128.2 ,130.1 ,131.3 ,133.7 ,108.2 ,112.5 ,117.1 ,121.8 ,126.8 ,131.9 ,137.4 
2,,87,-0.1857 ,122.2876 ,0.0399 ,111.5 ,113.5 ,114.6 ,116.2 ,117.4 ,119.0 ,122.3 ,125.6 ,127.5 ,128.7 ,130.6 ,131.9 ,134.3 ,108.6 ,113.0 ,117.5 ,122.3 ,127.3 ,132.5 ,138.0 
2,,88,-0.2496 ,122.7761 ,0.0400 ,112.0 ,114.0 ,115.0 ,116.7 ,117.8 ,119.5 ,122.8 ,126.1 ,128.0 ,129.3 ,131.2 ,132.5 ,134.9 ,109.1 ,113.4 ,118.0 ,122.8 ,127.8 ,133.1 ,138.7 
2,,89,-0.3119 ,123.2646 ,0.0401 ,112.4 ,114.4 ,115.5 ,117.1 ,118.3 ,120.0 ,123.3 ,126.7 ,128.5 ,129.8 ,131.8 ,133.0 ,135.5 ,109.5 ,113.9 ,118.4 ,123.3 ,128.3 ,133.7 ,139.4 
2,,90,-0.3571 ,123.7505 ,0.0402 ,112.9 ,114.8 ,115.9 ,117.6 ,118.7 ,120.5 ,123.8 ,127.2 ,129.1 ,130.4 ,132.3 ,133.6 ,136.1 ,110.0 ,114.3 ,118.9 ,123.8 ,128.9 ,134.3 ,140.0 
2,,91,-0.4012 ,124.2364 ,0.0404 ,113.3 ,115.3 ,116.4 ,118.0 ,119.2 ,120.9 ,124.2 ,127.7 ,129.6 ,130.9 ,132.9 ,134.2 ,136.7 ,110.4 ,114.7 ,119.4 ,124.2 ,129.4 ,134.9 ,140.7 
2,,92,-0.4442 ,124.7224 ,0.0405 ,113.7 ,115.7 ,116.8 ,118.5 ,119.6 ,121.4 ,124.7 ,128.2 ,130.1 ,131.4 ,133.4 ,134.8 ,137.3 ,110.8 ,115.2 ,119.8 ,124.7 ,129.9 ,135.4 ,141.3 
2,,93,-0.4862 ,125.2084 ,0.0406 ,114.2 ,116.2 ,117.2 ,118.9 ,120.1 ,121.8 ,125.2 ,128.7 ,130.6 ,132.0 ,134.0 ,135.3 ,137.9 ,111.2 ,115.6 ,120.3 ,125.2 ,130.5 ,136.0 ,142.0 
2,,94,-0.5271 ,125.6944 ,0.0407 ,114.6 ,116.6 ,117.7 ,119.4 ,120.6 ,122.3 ,125.7 ,129.2 ,131.2 ,132.5 ,134.6 ,135.9 ,138.5 ,111.7 ,116.1 ,120.7 ,125.7 ,131.0 ,136.6 ,142.6 
2,,95,-0.5670 ,126.1805 ,0.0408 ,115.0 ,117.0 ,118.1 ,119.8 ,121.0 ,122.8 ,126.2 ,129.7 ,131.7 ,133.1 ,135.1 ,136.5 ,139.1 ,112.1 ,116.5 ,121.2 ,126.2 ,131.5 ,137.2 ,143.3 
2,8,96,-0.5993 ,126.6703 ,0.0410 ,115.5 ,117.5 ,118.6 ,120.3 ,121.5 ,123.2 ,126.7 ,130.2 ,132.2 ,133.6 ,135.7 ,137.1 ,139.7 ,112.5 ,116.9 ,121.6 ,126.7 ,132.0 ,137.8 ,143.9 
2,,97,-0.6308 ,127.1601 ,0.0411 ,115.9 ,117.9 ,119.0 ,120.7 ,121.9 ,123.7 ,127.2 ,130.8 ,132.8 ,134.1 ,136.2 ,137.6 ,140.3 ,112.9 ,117.4 ,122.1 ,127.2 ,132.6 ,138.3 ,144.6 
2,,98,-0.6616 ,127.6500 ,0.0412 ,116.3 ,118.4 ,119.5 ,121.2 ,122.4 ,124.2 ,127.6 ,131.3 ,133.3 ,134.7 ,136.8 ,138.2 ,140.9 ,113.4 ,117.8 ,122.6 ,127.6 ,133.1 ,138.9 ,145.2 
2,,99,-0.6918 ,128.1399 ,0.0413 ,116.8 ,118.8 ,119.9 ,121.7 ,122.9 ,124.7 ,128.1 ,131.8 ,133.8 ,135.2 ,137.4 ,138.8 ,141.5 ,113.8 ,118.3 ,123.0 ,128.1 ,133.6 ,139.5 ,145.8 
2,,100,-0.7213 ,128.6297 ,0.0414 ,117.2 ,119.3 ,120.4 ,122.1 ,123.3 ,125.1 ,128.6 ,132.3 ,134.4 ,135.8 ,137.9 ,139.4 ,142.1 ,114.2 ,118.7 ,123.5 ,128.6 ,134.1 ,140.1 ,146.5 
2,,101,-0.7502 ,129.1197 ,0.0415 ,117.6 ,119.7 ,120.8 ,122.6 ,123.8 ,125.6 ,129.1 ,132.8 ,134.9 ,136.3 ,138.5 ,139.9 ,142.7 ,114.6 ,119.1 ,124.0 ,129.1 ,134.7 ,140.7 ,147.1 
2,,102,-0.7790 ,129.6197 ,0.0416 ,118.1 ,120.1 ,121.3 ,123.0 ,124.2 ,126.1 ,129.6 ,133.3 ,135.4 ,136.9 ,139.1 ,140.5 ,143.3 ,115.1 ,119.6 ,124.4 ,129.6 ,135.2 ,141.3 ,147.8 
2,,103,-0.8070 ,130.1199 ,0.0417 ,118.5 ,120.6 ,121.7 ,123.5 ,124.7 ,126.5 ,130.1 ,133.9 ,136.0 ,137.4 ,139.6 ,141.1 ,144.0 ,115.5 ,120.0 ,124.9 ,130.1 ,135.8 ,141.9 ,148.5 
2,,104,-0.8342 ,130.6200 ,0.0418 ,119.0 ,121.0 ,122.2 ,123.9 ,125.2 ,127.0 ,130.6 ,134.4 ,136.5 ,138.0 ,140.2 ,141.7 ,144.6 ,115.9 ,120.5 ,125.4 ,130.6 ,136.3 ,142.5 ,149.1 
2,,105,-0.8608 ,131.1202 ,0.0420 ,119.4 ,121.5 ,122.6 ,124.4 ,125.6 ,127.5 ,131.1 ,134.9 ,137.1 ,138.5 ,140.8 ,142.3 ,145.2 ,116.4 ,120.9 ,125.8 ,131.1 ,136.8 ,143.1 ,149.8 
2,,106,-0.8868 ,131.6204 ,0.0421 ,119.8 ,121.9 ,123.1 ,124.9 ,126.1 ,128.0 ,131.6 ,135.5 ,137.6 ,139.1 ,141.4 ,142.9 ,145.8 ,116.8 ,121.4 ,126.3 ,131.6 ,137.4 ,143.6 ,150.5 
2,,107,-0.9121 ,132.1207 ,0.0422 ,120.3 ,122.4 ,123.5 ,125.3 ,126.6 ,128.5 ,132.1 ,136.0 ,138.2 ,139.7 ,141.9 ,143.5 ,146.4 ,117.2 ,121.8 ,126.8 ,132.1 ,137.9 ,144.2 ,151.1 
2,9,108,-0.8812 ,132.6442 ,0.0423 ,120.7 ,122.8 ,124.0 ,125.8 ,127.1 ,129.0 ,132.6 ,136.5 ,138.7 ,140.2 ,142.5 ,144.1 ,147.0 ,117.6 ,122.2 ,127.2 ,132.6 ,138.5 ,144.8 ,151.8 
2,,109,-0.8510 ,133.1677 ,0.0425 ,121.1 ,123.3 ,124.4 ,126.3 ,127.5 ,129.5 ,133.2 ,137.1 ,139.3 ,140.8 ,143.1 ,144.7 ,147.6 ,118.0 ,122.7 ,127.7 ,133.2 ,139.1 ,145.4 ,152.4 
2,,110,-0.8214 ,133.6912 ,0.0426 ,121.5 ,123.7 ,124.9 ,126.7 ,128.0 ,129.9 ,133.7 ,137.6 ,139.8 ,141.4 ,143.7 ,145.2 ,148.3 ,118.4 ,123.1 ,128.2 ,133.7 ,139.6 ,146.0 ,153.0 
2,,111,-0.7924 ,134.2147 ,0.0428 ,122.0 ,124.1 ,125.3 ,127.2 ,128.5 ,130.4 ,134.2 ,138.2 ,140.4 ,141.9 ,144.3 ,145.8 ,148.9 ,118.8 ,123.6 ,128.7 ,134.2 ,140.2 ,146.6 ,153.7 
2,,112,-0.7640 ,134.7382 ,0.0429 ,122.4 ,124.6 ,125.8 ,127.7 ,129.0 ,130.9 ,134.7 ,138.7 ,141.0 ,142.5 ,144.9 ,146.4 ,149.5 ,119.2 ,124.0 ,129.2 ,134.7 ,140.7 ,147.2 ,154.3 
2,,113,-0.7362 ,135.2617 ,0.0430 ,122.8 ,125.0 ,126.2 ,128.1 ,129.5 ,131.4 ,135.3 ,139.3 ,141.5 ,143.1 ,145.5 ,147.0 ,150.1 ,119.6 ,124.4 ,129.7 ,135.3 ,141.3 ,147.8 ,154.9 
2,,114,-0.6545 ,135.8116 ,0.0432 ,123.2 ,125.5 ,126.7 ,128.6 ,130.0 ,132.0 ,135.8 ,139.9 ,142.1 ,143.7 ,146.1 ,147.6 ,150.7 ,119.9 ,124.9 ,130.2 ,135.8 ,141.9 ,148.4 ,155.5 
2,,115,-0.5740 ,136.3617 ,0.0433 ,123.6 ,125.9 ,127.2 ,129.1 ,130.5 ,132.5 ,136.4 ,140.4 ,142.7 ,144.3 ,146.6 ,148.2 ,151.3 ,120.3 ,125.3 ,130.7 ,136.4 ,142.5 ,149.0 ,156.1 
2,,116,-0.4946 ,136.9119 ,0.0434 ,124.1 ,126.4 ,127.6 ,129.6 ,131.0 ,133.0 ,136.9 ,141.0 ,143.3 ,144.9 ,147.2 ,148.8 ,151.9 ,120.7 ,125.8 ,131.2 ,136.9 ,143.1 ,149.6 ,156.6 
2,,117,-0.4162 ,137.4622 ,0.0435 ,124.5 ,126.8 ,128.1 ,130.1 ,131.5 ,133.5 ,137.5 ,141.6 ,143.9 ,145.4 ,147.8 ,149.4 ,152.4 ,121.1 ,126.2 ,131.7 ,137.5 ,143.6 ,150.2 ,157.2 
2,,118,-0.3389 ,138.0126 ,0.0436 ,124.9 ,127.3 ,128.6 ,130.6 ,132.0 ,134.0 ,138.0 ,142.2 ,144.4 ,146.0 ,148.4 ,150.0 ,153.0 ,121.4 ,126.6 ,132.2 ,138.0 ,144.2 ,150.8 ,157.8 
2,,119,-0.2627 ,138.5631 ,0.0438 ,125.3 ,127.7 ,129.0 ,131.1 ,132.5 ,134.5 ,138.6 ,142.7 ,145.0 ,146.6 ,149.0 ,150.6 ,153.6 ,121.8 ,127.1 ,132.7 ,138.6 ,144.8 ,151.4 ,158.4 
2,10,120,-0.1573 ,139.1218 ,0.0438 ,125.7 ,128.2 ,129.5 ,131.6 ,133.0 ,135.1 ,139.1 ,143.3 ,145.6 ,147.2 ,149.6 ,151.2 ,154.2 ,122.1 ,127.5 ,133.2 ,139.1 ,145.4 ,152.0 ,158.9 
2,,121,-0.0528 ,139.6805 ,0.0439 ,126.2 ,128.6 ,130.0 ,132.1 ,133.5 ,135.6 ,139.7 ,143.9 ,146.2 ,147.8 ,150.2 ,151.7 ,154.7 ,122.5 ,128.0 ,133.7 ,139.7 ,146.0 ,152.5 ,159.4 
2,,122,0.0509 ,140.2395 ,0.0439 ,126.6 ,129.1 ,130.4 ,132.6 ,134.0 ,136.1 ,140.2 ,144.5 ,146.8 ,148.4 ,150.7 ,152.3 ,155.3 ,122.9 ,128.4 ,134.2 ,140.2 ,146.5 ,153.1 ,159.9 
2,,123,0.1538 ,140.7986 ,0.0440 ,127.0 ,129.5 ,130.9 ,133.0 ,134.5 ,136.7 ,140.8 ,145.0 ,147.3 ,148.9 ,151.3 ,152.9 ,155.8 ,123.2 ,128.9 ,134.7 ,140.8 ,147.1 ,153.7 ,160.4 
2,,124,0.2558 ,141.3578 ,0.0440 ,127.4 ,130.0 ,131.4 ,133.5 ,135.0 ,137.2 ,141.4 ,145.6 ,147.9 ,149.5 ,151.9 ,153.4 ,156.4 ,123.6 ,129.3 ,135.2 ,141.4 ,147.7 ,154.2 ,161.0 
2,,125,0.3569 ,141.9172 ,0.0441 ,127.8 ,130.5 ,131.9 ,134.0 ,135.5 ,137.7 ,141.9 ,146.2 ,148.5 ,150.1 ,152.5 ,154.0 ,157.0 ,123.9 ,129.8 ,135.7 ,141.9 ,148.3 ,154.8 ,161.5 
2,,126,0.4653 ,142.4689 ,0.0440 ,128.3 ,130.9 ,132.3 ,134.6 ,136.0 ,138.3 ,142.5 ,146.7 ,149.1 ,150.6 ,153.0 ,154.5 ,157.5 ,124.3 ,130.2 ,136.3 ,142.5 ,148.8 ,155.3 ,162.0 
2,,127,0.5738 ,143.0207 ,0.0440 ,128.7 ,131.4 ,132.8 ,135.1 ,136.6 ,138.8 ,143.0 ,147.3 ,149.6 ,151.2 ,153.5 ,155.1 ,158.0 ,124.7 ,130.7 ,136.8 ,143.0 ,149.4 ,155.8 ,162.4 
2,,128,0.6821 ,143.5726 ,0.0439 ,129.1 ,131.9 ,133.3 ,135.6 ,137.1 ,139.3 ,143.6 ,147.8 ,150.2 ,151.7 ,154.1 ,155.6 ,158.5 ,125.1 ,131.1 ,137.3 ,143.6 ,149.9 ,156.4 ,162.9 
2,,129,0.7904 ,144.1246 ,0.0438 ,129.6 ,132.3 ,133.8 ,136.1 ,137.6 ,139.9 ,144.1 ,148.4 ,150.7 ,152.3 ,154.6 ,156.1 ,159.0 ,125.4 ,131.6 ,137.8 ,144.1 ,150.5 ,156.9 ,163.3 
2,,130,0.8986 ,144.6765 ,0.0438 ,130.0 ,132.8 ,134.3 ,136.6 ,138.1 ,140.4 ,144.7 ,149.0 ,151.3 ,152.8 ,155.1 ,156.6 ,159.5 ,125.8 ,132.1 ,138.4 ,144.7 ,151.0 ,157.4 ,163.8 
2,,131,1.0066 ,145.2285 ,0.0437 ,130.5 ,133.3 ,134.8 ,137.1 ,138.6 ,140.9 ,145.2 ,149.5 ,151.8 ,153.4 ,155.7 ,157.2 ,160.0 ,126.2 ,132.5 ,138.9 ,145.2 ,151.6 ,157.9 ,164.3 
2,11,132,1.1242 ,145.7568 ,0.0435 ,130.9 ,133.8 ,135.3 ,137.6 ,139.2 ,141.5 ,145.8 ,150.0 ,152.3 ,153.9 ,156.1 ,157.6 ,160.4 ,126.6 ,133.0 ,139.4 ,145.8 ,152.1 ,158.4 ,164.6 
2,,133,1.2433 ,146.2852 ,0.0433 ,131.4 ,134.2 ,135.8 ,138.1 ,139.7 ,142.0 ,146.3 ,150.5 ,152.8 ,154.3 ,156.6 ,158.1 ,160.8 ,127.0 ,133.5 ,139.9 ,146.3 ,152.6 ,158.8 ,165.0 
2,,134,1.3638 ,146.8136 ,0.0431 ,131.8 ,134.7 ,136.3 ,138.6 ,140.2 ,142.5 ,146.8 ,151.1 ,153.3 ,154.8 ,157.1 ,158.5 ,161.3 ,127.4 ,134.0 ,140.4 ,146.8 ,153.1 ,159.3 ,165.4 
2,,135,1.4857 ,147.3421 ,0.0429 ,132.3 ,135.2 ,136.8 ,139.1 ,140.7 ,143.1 ,147.3 ,151.6 ,153.8 ,155.3 ,157.6 ,159.0 ,161.7 ,127.7 ,134.4 ,141.0 ,147.3 ,153.6 ,159.7 ,165.7 
2,,136,1.6090 ,147.8706 ,0.0427 ,132.7 ,135.7 ,137.3 ,139.6 ,141.2 ,143.6 ,147.9 ,152.1 ,154.3 ,155.8 ,158.0 ,159.5 ,162.1 ,128.1 ,134.9 ,141.5 ,147.9 ,154.1 ,160.2 ,166.1 
2,,137,1.7336 ,148.3990 ,0.0425 ,133.2 ,136.2 ,137.8 ,140.2 ,141.8 ,144.1 ,148.4 ,152.6 ,154.8 ,156.3 ,158.5 ,159.9 ,162.6 ,128.5 ,135.4 ,142.0 ,148.4 ,154.6 ,160.6 ,166.5 
2,,138,1.8239 ,148.8746 ,0.0421 ,133.6 ,136.7 ,138.2 ,140.6 ,142.3 ,144.6 ,148.9 ,153.1 ,155.3 ,156.7 ,158.9 ,160.3 ,162.9 ,128.9 ,135.9 ,142.5 ,148.9 ,155.0 ,161.0 ,166.8 
2,,139,1.9161 ,149.3501 ,0.0418 ,134.1 ,137.1 ,138.7 ,141.1 ,142.7 ,145.1 ,149.4 ,153.5 ,155.7 ,157.2 ,159.3 ,160.7 ,163.3 ,129.4 ,136.3 ,143.0 ,149.4 ,155.5 ,161.4 ,167.1 
2,,140,2.0103 ,149.8256 ,0.0415 ,134.6 ,137.6 ,139.2 ,141.6 ,143.2 ,145.6 ,149.8 ,154.0 ,156.1 ,157.6 ,159.7 ,161.1 ,163.7 ,129.8 ,136.8 ,143.5 ,149.8 ,155.9 ,161.8 ,167.4 
2,,141,2.1065 ,150.3011 ,0.0412 ,135.0 ,138.1 ,139.7 ,142.1 ,143.7 ,146.1 ,150.3 ,154.4 ,156.6 ,158.0 ,160.1 ,161.5 ,164.0 ,130.3 ,137.3 ,144.0 ,150.3 ,156.4 ,162.2 ,167.8 
2,,142,2.2047 ,150.7766 ,0.0409 ,135.5 ,138.6 ,140.2 ,142.6 ,144.2 ,146.5 ,150.8 ,154.9 ,157.0 ,158.4 ,160.5 ,161.9 ,164.4 ,130.7 ,137.8 ,144.5 ,150.8 ,156.8 ,162.5 ,168.1 
2,,143,2.3049 ,151.2521 ,0.0406 ,136.0 ,139.1 ,140.7 ,143.1 ,144.7 ,147.0 ,151.3 ,155.3 ,157.4 ,158.9 ,160.9 ,162.3 ,164.7 ,131.1 ,138.3 ,144.9 ,151.3 ,157.2 ,162.9 ,168.4 
2,12,144,2.3447 ,151.6571 ,0.0402 ,136.5 ,139.5 ,141.1 ,143.5 ,145.1 ,147.5 ,151.7 ,155.7 ,157.8 ,159.2 ,161.3 ,162.6 ,165.0 ,131.6 ,138.7 ,145.4 ,151.7 ,157.6 ,163.3 ,168.7 
2,,145,2.3855 ,152.0621 ,0.0399 ,136.9 ,140.0 ,141.6 ,144.0 ,145.6 ,147.9 ,152.1 ,156.1 ,158.2 ,159.6 ,161.6 ,162.9 ,165.4 ,132.1 ,139.2 ,145.8 ,152.1 ,158.0 ,163.6 ,168.9 
2,,146,2.4272 ,152.4672 ,0.0395 ,137.4 ,140.5 ,142.1 ,144.4 ,146.0 ,148.3 ,152.5 ,156.5 ,158.5 ,159.9 ,162.0 ,163.3 ,165.7 ,132.6 ,139.7 ,146.3 ,152.5 ,158.3 ,163.9 ,169.2 
2,,147,2.4699 ,152.8722 ,0.0392 ,137.9 ,140.9 ,142.5 ,144.9 ,146.5 ,148.8 ,152.9 ,156.8 ,158.9 ,160.3 ,162.3 ,163.6 ,166.0 ,133.1 ,140.1 ,146.7 ,152.9 ,158.7 ,164.2 ,169.5 
2,,148,2.5136 ,153.2772 ,0.0388 ,138.3 ,141.4 ,143.0 ,145.3 ,146.9 ,149.2 ,153.3 ,157.2 ,159.3 ,160.6 ,162.6 ,163.9 ,166.3 ,133.5 ,140.6 ,147.1 ,153.3 ,159.1 ,164.5 ,169.8 
2,,149,2.5584 ,153.6821 ,0.0385 ,138.8 ,141.9 ,143.4 ,145.8 ,147.3 ,149.6 ,153.7 ,157.6 ,159.6 ,161.0 ,163.0 ,164.2 ,166.6 ,134.0 ,141.1 ,147.6 ,153.7 ,159.4 ,164.9 ,170.0 
2,,150,2.5648 ,154.0138 ,0.0382 ,139.3 ,142.3 ,143.8 ,146.2 ,147.7 ,150.0 ,154.0 ,157.9 ,159.9 ,161.3 ,163.2 ,164.5 ,166.8 ,134.5 ,141.5 ,148.0 ,154.0 ,159.7 ,165.1 ,170.3 
2,,151,2.5712 ,154.3455 ,0.0378 ,139.7 ,142.7 ,144.2 ,146.6 ,148.1 ,150.3 ,154.3 ,158.2 ,160.2 ,161.6 ,163.5 ,164.8 ,167.1 ,135.0 ,141.9 ,148.3 ,154.3 ,160.0 ,165.4 ,170.5 
2,,152,2.5775 ,154.6772 ,0.0375 ,140.1 ,143.1 ,144.6 ,146.9 ,148.5 ,150.7 ,154.7 ,158.5 ,160.5 ,161.8 ,163.8 ,165.0 ,167.3 ,135.4 ,142.3 ,148.7 ,154.7 ,160.3 ,165.7 ,170.7 
2,,153,2.5837 ,155.0089 ,0.0372 ,140.6 ,143.5 ,145.0 ,147.3 ,148.8 ,151.0 ,155.0 ,158.8 ,160.8 ,162.1 ,164.1 ,165.3 ,167.6 ,135.9 ,142.7 ,149.1 ,155.0 ,160.6 ,165.9 ,171.0 
2,,154,2.5899 ,155.3405 ,0.0368 ,141.0 ,143.9 ,145.4 ,147.7 ,149.2 ,151.4 ,155.3 ,159.1 ,161.1 ,162.4 ,164.3 ,165.6 ,167.8 ,136.4 ,143.1 ,149.4 ,155.3 ,160.9 ,166.2 ,171.2 
2,,155,2.5959 ,155.6722 ,0.0365 ,141.4 ,144.3 ,145.8 ,148.1 ,149.6 ,151.8 ,155.7 ,159.4 ,161.4 ,162.7 ,164.6 ,165.8 ,168.1 ,136.9 ,143.6 ,149.8 ,155.7 ,161.2 ,166.4 ,171.4 
2,13,156,2.5607 ,155.9198 ,0.0362 ,141.8 ,144.7 ,146.2 ,148.4 ,149.9 ,152.0 ,155.9 ,159.7 ,161.6 ,162.9 ,164.8 ,166.0 ,168.3 ,137.3 ,143.9 ,150.1 ,155.9 ,161.4 ,166.6 ,171.6 
2,,157,2.5239 ,156.1672 ,0.0360 ,142.1 ,145.0 ,146.5 ,148.7 ,150.2 ,152.3 ,156.2 ,159.9 ,161.8 ,163.1 ,165.0 ,166.2 ,168.5 ,137.7 ,144.2 ,150.4 ,156.2 ,161.6 ,166.8 ,171.8 
2,,158,2.4856 ,156.4146 ,0.0357 ,142.5 ,145.3 ,146.8 ,149.0 ,150.5 ,152.6 ,156.4 ,160.1 ,162.1 ,163.3 ,165.2 ,166.4 ,168.7 ,138.1 ,144.6 ,150.7 ,156.4 ,161.9 ,167.1 ,172.0 
2,,159,2.4458 ,156.6619 ,0.0355 ,142.9 ,145.7 ,147.1 ,149.3 ,150.7 ,152.8 ,156.7 ,160.3 ,162.3 ,163.6 ,165.4 ,166.7 ,168.9 ,138.5 ,144.9 ,151.0 ,156.7 ,162.1 ,167.3 ,172.2 
2,,160,2.4042 ,156.9091 ,0.0352 ,143.2 ,146.0 ,147.4 ,149.6 ,151.0 ,153.1 ,156.9 ,160.6 ,162.5 ,163.8 ,165.7 ,166.9 ,169.1 ,138.9 ,145.3 ,151.2 ,156.9 ,162.3 ,167.5 ,172.4 
2,,161,2.3609 ,157.1562 ,0.0350 ,143.6 ,146.3 ,147.7 ,149.9 ,151.3 ,153.4 ,157.2 ,160.8 ,162.7 ,164.0 ,165.9 ,167.1 ,169.3 ,139.3 ,145.6 ,151.5 ,157.2 ,162.5 ,167.7 ,172.6 
2,,162,2.3149 ,157.3292 ,0.0348 ,143.8 ,146.5 ,148.0 ,150.1 ,151.5 ,153.6 ,157.3 ,161.0 ,162.9 ,164.2 ,166.0 ,167.2 ,169.5 ,139.6 ,145.8 ,151.7 ,157.3 ,162.7 ,167.8 ,172.8 
2,,163,2.2677 ,157.5021 ,0.0346 ,144.1 ,146.8 ,148.2 ,150.3 ,151.7 ,153.8 ,157.5 ,161.1 ,163.0 ,164.3 ,166.2 ,167.4 ,169.6 ,139.9 ,146.1 ,151.9 ,157.5 ,162.8 ,168.0 ,172.9 
2,,164,2.2195 ,157.6750 ,0.0345 ,144.3 ,147.0 ,148.4 ,150.5 ,151.9 ,154.0 ,157.7 ,161.3 ,163.2 ,164.5 ,166.3 ,167.5 ,169.8 ,140.2 ,146.3 ,152.1 ,157.7 ,163.0 ,168.1 ,173.1 
2,,165,2.1701 ,157.8478 ,0.0343 ,144.6 ,147.2 ,148.6 ,150.7 ,152.1 ,154.1 ,157.8 ,161.5 ,163.4 ,164.6 ,166.5 ,167.7 ,169.9 ,140.5 ,146.5 ,152.3 ,157.8 ,163.2 ,168.3 ,173.2 
2,,166,2.1196 ,158.0205 ,0.0342 ,144.8 ,147.5 ,148.8 ,150.9 ,152.3 ,154.3 ,158.0 ,161.6 ,163.5 ,164.8 ,166.6 ,167.8 ,170.1 ,140.8 ,146.8 ,152.5 ,158.0 ,163.3 ,168.4 ,173.4 
2,,167,2.0679 ,158.1932 ,0.0340 ,145.1 ,147.7 ,149.1 ,151.1 ,152.5 ,154.5 ,158.2 ,161.8 ,163.7 ,164.9 ,166.8 ,168.0 ,170.2 ,141.1 ,147.0 ,152.7 ,158.2 ,163.5 ,168.6 ,173.5 
2,14,168,2.0549 ,158.3159 ,0.0339 ,145.3 ,147.9 ,149.2 ,151.3 ,152.6 ,154.6 ,158.3 ,161.9 ,163.8 ,165.0 ,166.9 ,168.1 ,170.3 ,141.2 ,147.2 ,152.8 ,158.3 ,163.6 ,168.7 ,173.6 
2,,169,2.0417 ,158.4387 ,0.0338 ,145.4 ,148.0 ,149.4 ,151.4 ,152.8 ,154.8 ,158.4 ,162.0 ,163.9 ,165.2 ,167.0 ,168.2 ,170.4 ,141.4 ,147.3 ,153.0 ,158.4 ,163.7 ,168.8 ,173.7 
2,,170,2.0284 ,158.5614 ,0.0337 ,145.6 ,148.2 ,149.5 ,151.5 ,152.9 ,154.9 ,158.6 ,162.1 ,164.0 ,165.3 ,167.1 ,168.3 ,170.5 ,141.6 ,147.5 ,153.1 ,158.6 ,163.8 ,168.9 ,173.8 
2,,171,2.0150 ,158.6842 ,0.0336 ,145.7 ,148.3 ,149.6 ,151.7 ,153.1 ,155.0 ,158.7 ,162.2 ,164.1 ,165.4 ,167.2 ,168.4 ,170.6 ,141.8 ,147.6 ,153.3 ,158.7 ,163.9 ,169.0 ,174.0 
2,,172,2.0014 ,158.8069 ,0.0335 ,145.9 ,148.4 ,149.8 ,151.8 ,153.2 ,155.2 ,158.8 ,162.4 ,164.2 ,165.5 ,167.3 ,168.5 ,170.8 ,141.9 ,147.8 ,153.4 ,158.8 ,164.0 ,169.1 ,174.1 
2,,173,1.9877 ,158.9297 ,0.0335 ,146.0 ,148.6 ,149.9 ,152.0 ,153.3 ,155.3 ,158.9 ,162.5 ,164.3 ,165.6 ,167.4 ,168.6 ,170.9 ,142.1 ,147.9 ,153.5 ,158.9 ,164.2 ,169.2 ,174.2 
2,,174,1.9670 ,159.0139 ,0.0334 ,146.2 ,148.7 ,150.0 ,152.1 ,153.4 ,155.4 ,159.0 ,162.6 ,164.4 ,165.7 ,167.5 ,168.7 ,170.9 ,142.2 ,148.0 ,153.6 ,159.0 ,164.2 ,169.3 ,174.2 
2,,175,1.9462 ,159.0981 ,0.0333 ,146.3 ,148.8 ,150.1 ,152.2 ,153.5 ,155.5 ,159.1 ,162.6 ,164.5 ,165.8 ,167.6 ,168.8 ,171.0 ,142.4 ,148.1 ,153.7 ,159.1 ,164.3 ,169.4 ,174.3 
2,,176,1.9254 ,159.1823 ,0.0332 ,146.4 ,148.9 ,150.2 ,152.3 ,153.6 ,155.6 ,159.2 ,162.7 ,164.6 ,165.8 ,167.7 ,168.9 ,171.1 ,142.5 ,148.2 ,153.8 ,159.2 ,164.4 ,169.5 ,174.4 
2,,177,1.9045 ,159.2666 ,0.0332 ,146.5 ,149.0 ,150.3 ,152.4 ,153.7 ,155.7 ,159.3 ,162.8 ,164.7 ,165.9 ,167.8 ,168.9 ,171.2 ,142.6 ,148.4 ,153.9 ,159.3 ,164.5 ,169.5 ,174.5 
2,,178,1.8835 ,159.3508 ,0.0331 ,146.6 ,149.1 ,150.5 ,152.5 ,153.8 ,155.8 ,159.4 ,162.9 ,164.7 ,166.0 ,167.8 ,169.0 ,171.2 ,142.8 ,148.5 ,154.0 ,159.4 ,164.6 ,169.6 ,174.5 
2,,179,1.8625 ,159.4351 ,0.0330 ,146.7 ,149.2 ,150.6 ,152.6 ,153.9 ,155.8 ,159.4 ,163.0 ,164.8 ,166.1 ,167.9 ,169.1 ,171.3 ,142.9 ,148.6 ,154.1 ,159.4 ,164.6 ,169.7 ,174.6 
2,15,180,1.7900 ,159.4917 ,0.0330 ,146.8 ,149.3 ,150.6 ,152.6 ,154.0 ,155.9 ,159.5 ,163.0 ,164.9 ,166.1 ,168.0 ,169.2 ,171.4 ,143.0 ,148.7 ,154.2 ,159.5 ,164.7 ,169.8 ,174.7 
2,,181,1.7178 ,159.5483 ,0.0330 ,147.0 ,149.4 ,150.7 ,152.7 ,154.0 ,156.0 ,159.5 ,163.1 ,164.9 ,166.2 ,168.0 ,169.2 ,171.5 ,143.2 ,148.8 ,154.2 ,159.5 ,164.7 ,169.8 ,174.8 
2,,182,1.6457 ,159.6051 ,0.0329 ,147.1 ,149.5 ,150.8 ,152.8 ,154.1 ,156.0 ,159.6 ,163.1 ,165.0 ,166.3 ,168.1 ,169.3 ,171.5 ,143.3 ,148.9 ,154.3 ,159.6 ,164.8 ,169.9 ,174.9 
2,,183,1.5739 ,159.6619 ,0.0329 ,147.2 ,149.6 ,150.9 ,152.8 ,154.2 ,156.1 ,159.7 ,163.2 ,165.1 ,166.3 ,168.2 ,169.4 ,171.6 ,143.4 ,149.0 ,154.4 ,159.7 ,164.9 ,170.0 ,175.0 
2,,184,1.5022 ,159.7189 ,0.0328 ,147.3 ,149.7 ,151.0 ,152.9 ,154.2 ,156.2 ,159.7 ,163.2 ,165.1 ,166.4 ,168.2 ,169.4 ,171.7 ,143.6 ,149.0 ,154.4 ,159.7 ,164.9 ,170.0 ,175.1 
2,,185,1.4308 ,159.7760 ,0.0328 ,147.4 ,149.8 ,151.0 ,153.0 ,154.3 ,156.2 ,159.8 ,163.3 ,165.2 ,166.4 ,168.3 ,169.5 ,171.8 ,143.7 ,149.1 ,154.5 ,159.8 ,165.0 ,170.1 ,175.2 
2,,186,1.3515 ,159.8149 ,0.0328 ,147.5 ,149.9 ,151.1 ,153.1 ,154.4 ,156.3 ,159.8 ,163.3 ,165.2 ,166.5 ,168.3 ,169.6 ,171.8 ,143.8 ,149.2 ,154.5 ,159.8 ,165.0 ,170.2 ,175.3 
2,,187,1.2721 ,159.8539 ,0.0327 ,147.6 ,149.9 ,151.2 ,153.1 ,154.4 ,156.3 ,159.9 ,163.4 ,165.2 ,166.5 ,168.4 ,169.6 ,171.9 ,143.9 ,149.3 ,154.6 ,159.9 ,165.1 ,170.2 ,175.3 
2,,188,1.1928 ,159.8930 ,0.0327 ,147.6 ,150.0 ,151.3 ,153.2 ,154.5 ,156.4 ,159.9 ,163.4 ,165.3 ,166.6 ,168.4 ,169.7 ,172.0 ,144.1 ,149.4 ,154.7 ,159.9 ,165.1 ,170.3 ,175.4 
2,,189,1.1134 ,159.9321 ,0.0326 ,147.7 ,150.1 ,151.3 ,153.2 ,154.5 ,156.4 ,159.9 ,163.4 ,165.3 ,166.6 ,168.5 ,169.7 ,172.0 ,144.2 ,149.5 ,154.7 ,159.9 ,165.1 ,170.3 ,175.5 
2,,190,1.0340 ,159.9714 ,0.0326 ,147.8 ,150.2 ,151.4 ,153.3 ,154.6 ,156.5 ,160.0 ,163.5 ,165.4 ,166.6 ,168.5 ,169.8 ,172.1 ,144.3 ,149.5 ,154.8 ,160.0 ,165.2 ,170.4 ,175.6 
2,,191,0.9547 ,160.0107 ,0.0325 ,147.9 ,150.2 ,151.5 ,153.3 ,154.6 ,156.5 ,160.0 ,163.5 ,165.4 ,166.7 ,168.6 ,169.8 ,172.1 ,144.4 ,149.6 ,154.8 ,160.0 ,165.2 ,170.4 ,175.7 
2,16,192,0.8678 ,160.0286 ,0.0325 ,148.0 ,150.3 ,151.5 ,153.4 ,154.7 ,156.5 ,160.0 ,163.5 ,165.4 ,166.7 ,168.6 ,169.8 ,172.2 ,144.5 ,149.7 ,154.8 ,160.0 ,165.2 ,170.5 ,175.7 
2,,193,0.7803 ,160.0465 ,0.0324 ,148.1 ,150.4 ,151.6 ,153.4 ,154.7 ,156.6 ,160.0 ,163.6 ,165.4 ,166.7 ,168.6 ,169.9 ,172.2 ,144.7 ,149.8 ,154.9 ,160.0 ,165.2 ,170.5 ,175.8 
2,,194,0.6921 ,160.0644 ,0.0323 ,148.2 ,150.4 ,151.6 ,153.5 ,154.7 ,156.6 ,160.1 ,163.6 ,165.5 ,166.7 ,168.6 ,169.9 ,172.2 ,144.8 ,149.8 ,154.9 ,160.1 ,165.3 ,170.5 ,175.8 
2,,195,0.6032 ,160.0823 ,0.0322 ,148.3 ,150.5 ,151.7 ,153.5 ,154.8 ,156.6 ,160.1 ,163.6 ,165.5 ,166.8 ,168.7 ,169.9 ,172.3 ,144.9 ,149.9 ,155.0 ,160.1 ,165.3 ,170.5 ,175.9 
2,,196,0.5137 ,160.1002 ,0.0322 ,148.3 ,150.6 ,151.7 ,153.6 ,154.8 ,156.6 ,160.1 ,163.6 ,165.5 ,166.8 ,168.7 ,169.9 ,172.3 ,145.0 ,150.0 ,155.0 ,160.1 ,165.3 ,170.6 ,175.9 
2,,197,0.4236 ,160.1182 ,0.0321 ,148.4 ,150.6 ,151.8 ,153.6 ,154.8 ,156.7 ,160.1 ,163.6 ,165.5 ,166.8 ,168.7 ,170.0 ,172.3 ,145.1 ,150.0 ,155.0 ,160.1 ,165.3 ,170.6 ,176.0 
2,,198,0.3320 ,160.1342 ,0.0320 ,148.5 ,150.7 ,151.8 ,153.7 ,154.9 ,156.7 ,160.1 ,163.6 ,165.5 ,166.8 ,168.7 ,170.0 ,172.4 ,145.2 ,150.1 ,155.1 ,160.1 ,165.3 ,170.6 ,176.0 
2,,199,0.2396 ,160.1502 ,0.0320 ,148.6 ,150.7 ,151.9 ,153.7 ,154.9 ,156.7 ,160.2 ,163.6 ,165.5 ,166.8 ,168.7 ,170.0 ,172.4 ,145.3 ,150.2 ,155.1 ,160.2 ,165.3 ,170.6 ,176.1 
2,,200,0.1464 ,160.1661 ,0.0319 ,148.7 ,150.8 ,152.0 ,153.7 ,154.9 ,156.8 ,160.2 ,163.6 ,165.5 ,166.8 ,168.8 ,170.0 ,172.4 ,145.5 ,150.2 ,155.1 ,160.2 ,165.3 ,170.7 ,176.1 
2,,201,0.0522 ,160.1821 ,0.0318 ,148.7 ,150.9 ,152.0 ,153.8 ,155.0 ,156.8 ,160.2 ,163.7 ,165.5 ,166.8 ,168.8 ,170.0 ,172.5 ,145.6 ,150.3 ,155.2 ,160.2 ,165.4 ,170.7 ,176.2 
2,,202,-0.0428 ,160.1980 ,0.0317 ,148.8 ,150.9 ,152.1 ,153.8 ,155.0 ,156.8 ,160.2 ,163.7 ,165.6 ,166.9 ,168.8 ,170.1 ,172.5 ,145.7 ,150.4 ,155.2 ,160.2 ,165.4 ,170.7 ,176.2 
2,,203,-0.1387 ,160.2140 ,0.0317 ,148.9 ,151.0 ,152.1 ,153.9 ,155.1 ,156.8 ,160.2 ,163.7 ,165.6 ,166.9 ,168.8 ,170.1 ,172.5 ,145.8 ,150.4 ,155.2 ,160.2 ,165.4 ,170.7 ,176.3 
2,17,204,-0.1640 ,160.2483 ,0.0316 ,149.0 ,151.0 ,152.2 ,153.9 ,155.1 ,156.9 ,160.2 ,163.7 ,165.6 ,166.9 ,168.8 ,170.1 ,172.6 ,145.9 ,150.5 ,155.3 ,160.2 ,165.4 ,170.8 ,176.3 
2,,205,-0.1896 ,160.2827 ,0.0316 ,149.0 ,151.1 ,152.2 ,154.0 ,155.1 ,156.9 ,160.3 ,163.7 ,165.6 ,166.9 ,168.9 ,170.1 ,172.6 ,145.9 ,150.5 ,155.3 ,160.3 ,165.4 ,170.8 ,176.4 
2,,206,-0.2154 ,160.3170 ,0.0315 ,149.1 ,151.1 ,152.3 ,154.0 ,155.2 ,157.0 ,160.3 ,163.8 ,165.7 ,167.0 ,168.9 ,170.2 ,172.6 ,146.0 ,150.6 ,155.4 ,160.3 ,165.5 ,170.8 ,176.4 
2,,207,-0.2414 ,160.3514 ,0.0315 ,149.1 ,151.2 ,152.3 ,154.0 ,155.2 ,157.0 ,160.4 ,163.8 ,165.7 ,167.0 ,168.9 ,170.2 ,172.6 ,146.1 ,150.6 ,155.4 ,160.4 ,165.5 ,170.9 ,176.4 
2,,208,-0.2675 ,160.3857 ,0.0314 ,149.2 ,151.3 ,152.4 ,154.1 ,155.3 ,157.0 ,160.4 ,163.8 ,165.7 ,167.0 ,169.0 ,170.2 ,172.7 ,146.1 ,150.7 ,155.4 ,160.4 ,165.5 ,170.9 ,176.5 
2,,209,-0.2940 ,160.4200 ,0.0314 ,149.2 ,151.3 ,152.4 ,154.1 ,155.3 ,157.1 ,160.4 ,163.9 ,165.7 ,167.0 ,169.0 ,170.3 ,172.7 ,146.2 ,150.7 ,155.5 ,160.4 ,165.6 ,170.9 ,176.5 
2,,210,-0.3110 ,160.4524 ,0.0313 ,149.3 ,151.4 ,152.5 ,154.2 ,155.4 ,157.1 ,160.5 ,163.9 ,165.8 ,167.1 ,169.0 ,170.3 ,172.7 ,146.3 ,150.8 ,155.5 ,160.5 ,165.6 ,170.9 ,176.5 
2,,211,-0.3282 ,160.4847 ,0.0313 ,149.3 ,151.4 ,152.5 ,154.2 ,155.4 ,157.1 ,160.5 ,163.9 ,165.8 ,167.1 ,169.0 ,170.3 ,172.8 ,146.3 ,150.8 ,155.6 ,160.5 ,165.6 ,171.0 ,176.5 
2,,212,-0.3456 ,160.5171 ,0.0313 ,149.4 ,151.4 ,152.5 ,154.3 ,155.4 ,157.2 ,160.5 ,163.9 ,165.8 ,167.1 ,169.1 ,170.3 ,172.8 ,146.4 ,150.9 ,155.6 ,160.5 ,165.6 ,171.0 ,176.6 
2,,213,-0.3631 ,160.5494 ,0.0312 ,149.4 ,151.5 ,152.6 ,154.3 ,155.5 ,157.2 ,160.5 ,164.0 ,165.9 ,167.1 ,169.1 ,170.4 ,172.8 ,146.4 ,150.9 ,155.6 ,160.5 ,165.7 ,171.0 ,176.6 
2,,214,-0.3808 ,160.5817 ,0.0312 ,149.5 ,151.5 ,152.6 ,154.3 ,155.5 ,157.3 ,160.6 ,164.0 ,165.9 ,167.2 ,169.1 ,170.4 ,172.8 ,146.5 ,151.0 ,155.7 ,160.6 ,165.7 ,171.0 ,176.6 
2,,215,-0.3985 ,160.6140 ,0.0311 ,149.5 ,151.6 ,152.7 ,154.4 ,155.5 ,157.3 ,160.6 ,164.0 ,165.9 ,167.2 ,169.1 ,170.4 ,172.9 ,146.5 ,151.0 ,155.7 ,160.6 ,165.7 ,171.1 ,176.6 
2,18,216,-0.4107 ,160.6484 ,0.0311 ,149.6 ,151.6 ,152.7 ,154.4 ,155.6 ,157.3 ,160.6 ,164.1 ,165.9 ,167.2 ,169.2 ,170.4 ,172.9 ,146.6 ,151.1 ,155.8 ,160.6 ,165.8 ,171.1 ,176.7 
2,,217,-0.4229 ,160.6827 ,0.0310 ,149.6 ,151.7 ,152.8 ,154.5 ,155.6 ,157.4 ,160.7 ,164.1 ,166.0 ,167.3 ,169.2 ,170.5 ,172.9 ,146.7 ,151.1 ,155.8 ,160.7 ,165.8 ,171.1 ,176.7 
2,,218,-0.4352 ,160.7171 ,0.0310 ,149.7 ,151.7 ,152.8 ,154.5 ,155.7 ,157.4 ,160.7 ,164.1 ,166.0 ,167.3 ,169.2 ,170.5 ,172.9 ,146.7 ,151.2 ,155.8 ,160.7 ,165.8 ,171.1 ,176.7 
2,,219,-0.4476 ,160.7514 ,0.0310 ,149.7 ,151.8 ,152.9 ,154.5 ,155.7 ,157.4 ,160.8 ,164.2 ,166.0 ,167.3 ,169.3 ,170.5 ,173.0 ,146.8 ,151.2 ,155.9 ,160.8 ,165.8 ,171.2 ,176.8 
2,,220,-0.4601 ,160.7857 ,0.0309 ,149.8 ,151.8 ,152.9 ,154.6 ,155.7 ,157.5 ,160.8 ,164.2 ,166.1 ,167.3 ,169.3 ,170.6 ,173.0 ,146.8 ,151.3 ,155.9 ,160.8 ,165.9 ,171.2 ,176.8 
2,,221,-0.4727 ,160.8200 ,0.0309 ,149.8 ,151.9 ,152.9 ,154.6 ,155.8 ,157.5 ,160.8 ,164.2 ,166.1 ,167.4 ,169.3 ,170.6 ,173.0 ,146.9 ,151.3 ,156.0 ,160.8 ,165.9 ,171.2 ,176.8 
2,,222,-0.4804 ,160.8591 ,0.0309 ,149.9 ,151.9 ,153.0 ,154.7 ,155.8 ,157.6 ,160.9 ,164.3 ,166.1 ,167.4 ,169.3 ,170.6 ,173.0 ,146.9 ,151.4 ,156.0 ,160.9 ,165.9 ,171.3 ,176.8 
2,,223,-0.4881 ,160.8981 ,0.0308 ,149.9 ,152.0 ,153.0 ,154.7 ,155.9 ,157.6 ,160.9 ,164.3 ,166.2 ,167.4 ,169.4 ,170.6 ,173.1 ,147.0 ,151.4 ,156.1 ,160.9 ,166.0 ,171.3 ,176.9 
2,,224,-0.4959 ,160.9372 ,0.0308 ,150.0 ,152.0 ,153.1 ,154.8 ,155.9 ,157.6 ,160.9 ,164.3 ,166.2 ,167.5 ,169.4 ,170.7 ,173.1 ,147.0 ,151.5 ,156.1 ,160.9 ,166.0 ,171.3 ,176.9 
2,,225,-0.5037 ,160.9762 ,0.0307 ,150.1 ,152.1 ,153.1 ,154.8 ,156.0 ,157.7 ,161.0 ,164.4 ,166.2 ,167.5 ,169.4 ,170.7 ,173.1 ,147.1 ,151.5 ,156.1 ,161.0 ,166.0 ,171.4 ,176.9 
2,,226,-0.5116 ,161.0153 ,0.0307 ,150.1 ,152.1 ,153.2 ,154.9 ,156.0 ,157.7 ,161.0 ,164.4 ,166.3 ,167.5 ,169.5 ,170.7 ,173.2 ,147.2 ,151.6 ,156.2 ,161.0 ,166.1 ,171.4 ,176.9 
2,,227,-0.5195 ,161.0543 ,0.0307 ,150.2 ,152.2 ,153.2 ,154.9 ,156.1 ,157.8 ,161.1 ,164.4 ,166.3 ,167.6 ,169.5 ,170.8 ,173.2 ,147.2 ,151.6 ,156.2 ,161.1 ,166.1 ,171.4 ,177.0 