성별,만나이(세),만나이(개월),L,M,S,체중(kg) 백분위수,,,,,,,,,,,,,체중(kg) 표준점수,,,,,,
,,,,,,1st,3rd,5th,10th,15th,25th,50th,75th,85th,90th,95th,97th,99th,-3SD,-2SD,-1SD,0 ,+1SD,+2SD,+3SD
1,0,0,0.3487 ,3.3464 ,0.1460 ,2.3 ,2.5 ,2.6 ,2.8 ,2.9 ,3.0 ,3.3 ,3.7 ,3.9 ,4.0 ,4.2 ,4.3 ,4.6 ,2.1 ,2.5 ,2.9 ,3.3 ,3.9 ,4.4 ,5.0 
1,,1,0.2297 ,4.4709 ,0.1340 ,3.2 ,3.4 ,3.6 ,3.8 ,3.9 ,4.1 ,4.5 ,4.9 ,5.1 ,5.3 ,5.5 ,5.7 ,6.0 ,2.9 ,3.4 ,3.9 ,4.5 ,5.1 ,5.8 ,6.6 
1,,2,0.1970 ,5.5675 ,0.1239 ,4.1 ,4.4 ,4.5 ,4.7 ,4.9 ,5.1 ,5.6 ,6.0 ,6.3 ,6.5 ,6.8 ,7.0 ,7.4 ,3.8 ,4.3 ,4.9 ,5.6 ,6.3 ,7.1 ,8.0 
1,,3,0.1738 ,6.3762 ,0.1173 ,4.8 ,5.1 ,5.2 ,5.5 ,5.6 ,5.9 ,6.4 ,6.9 ,7.2 ,7.4 ,7.7 ,7.9 ,8.3 ,4.4 ,5.0 ,5.7 ,6.4 ,7.2 ,8.0 ,9.0 
1,,4,0.1553 ,7.0023 ,0.1132 ,5.4 ,5.6 ,5.8 ,6.0 ,6.2 ,6.5 ,7.0 ,7.6 ,7.9 ,8.1 ,8.4 ,8.6 ,9.1 ,4.9 ,5.6 ,6.2 ,7.0 ,7.8 ,8.7 ,9.7 
1,,5,0.1395 ,7.5105 ,0.1108 ,5.8 ,6.1 ,6.2 ,6.5 ,6.7 ,7.0 ,7.5 ,8.1 ,8.4 ,8.6 ,9.0 ,9.2 ,9.7 ,5.3 ,6.0 ,6.7 ,7.5 ,8.4 ,9.3 ,10.4 
1,,6,0.1257 ,7.9340 ,0.1096 ,6.1 ,6.4 ,6.6 ,6.9 ,7.1 ,7.4 ,7.9 ,8.5 ,8.9 ,9.1 ,9.5 ,9.7 ,10.2 ,5.7 ,6.4 ,7.1 ,7.9 ,8.8 ,9.8 ,10.9 
1,,7,0.1134 ,8.2970 ,0.1090 ,6.4 ,6.7 ,6.9 ,7.2 ,7.4 ,7.7 ,8.3 ,8.9 ,9.3 ,9.5 ,9.9 ,10.2 ,10.7 ,5.9 ,6.7 ,7.4 ,8.3 ,9.2 ,10.3 ,11.4 
1,,8,0.1021 ,8.6151 ,0.1088 ,6.7 ,7.0 ,7.2 ,7.5 ,7.7 ,8.0 ,8.6 ,9.3 ,9.6 ,9.9 ,10.3 ,10.5 ,11.1 ,6.2 ,6.9 ,7.7 ,8.6 ,9.6 ,10.7 ,11.9 
1,,9,0.0917 ,8.9014 ,0.1088 ,6.9 ,7.2 ,7.4 ,7.7 ,7.9 ,8.3 ,8.9 ,9.6 ,10.0 ,10.2 ,10.6 ,10.9 ,11.4 ,6.4 ,7.1 ,8.0 ,8.9 ,9.9 ,11.0 ,12.3 
1,,10,0.0820 ,9.1649 ,0.1089 ,7.1 ,7.5 ,7.7 ,8.0 ,8.2 ,8.5 ,9.2 ,9.9 ,10.3 ,10.5 ,10.9 ,11.2 ,11.8 ,6.6 ,7.4 ,8.2 ,9.2 ,10.2 ,11.4 ,12.7 
1,,11,0.0730 ,9.4122 ,0.1091 ,7.3 ,7.7 ,7.9 ,8.2 ,8.4 ,8.7 ,9.4 ,10.1 ,10.5 ,10.8 ,11.2 ,11.5 ,12.1 ,6.8 ,7.6 ,8.4 ,9.4 ,10.5 ,11.7 ,13.0 
1,1,12,0.0644 ,9.6479 ,0.1093 ,7.5 ,7.8 ,8.1 ,8.4 ,8.6 ,9.0 ,9.6 ,10.4 ,10.8 ,11.1 ,11.5 ,11.8 ,12.4 ,6.9 ,7.7 ,8.6 ,9.6 ,10.8 ,12.0 ,13.3 
1,,13,0.0563 ,9.8749 ,0.1095 ,7.6 ,8.0 ,8.2 ,8.6 ,8.8 ,9.2 ,9.9 ,10.6 ,11.1 ,11.4 ,11.8 ,12.1 ,12.7 ,7.1 ,7.9 ,8.8 ,9.9 ,11.0 ,12.3 ,13.7 
1,,14,0.0487 ,10.0953 ,0.1098 ,7.8 ,8.2 ,8.4 ,8.8 ,9.0 ,9.4 ,10.1 ,10.9 ,11.3 ,11.6 ,12.1 ,12.4 ,13.0 ,7.2 ,8.1 ,9.0 ,10.1 ,11.3 ,12.6 ,14.0 
1,,15,0.0413 ,10.3108 ,0.1101 ,8.0 ,8.4 ,8.6 ,9.0 ,9.2 ,9.6 ,10.3 ,11.1 ,11.6 ,11.9 ,12.3 ,12.7 ,13.3 ,7.4 ,8.3 ,9.2 ,10.3 ,11.5 ,12.8 ,14.3 
1,,16,0.0343 ,10.5228 ,0.1104 ,8.1 ,8.5 ,8.8 ,9.1 ,9.4 ,9.8 ,10.5 ,11.3 ,11.8 ,12.1 ,12.6 ,12.9 ,13.6 ,7.5 ,8.4 ,9.4 ,10.5 ,11.7 ,13.1 ,14.6 
1,,17,0.0275 ,10.7319 ,0.1108 ,8.3 ,8.7 ,8.9 ,9.3 ,9.6 ,10.0 ,10.7 ,11.6 ,12.0 ,12.4 ,12.9 ,13.2 ,13.9 ,7.7 ,8.6 ,9.6 ,10.7 ,12.0 ,13.4 ,14.9 
1,,18,0.0211 ,10.9385 ,0.1112 ,8.4 ,8.9 ,9.1 ,9.5 ,9.7 ,10.1 ,10.9 ,11.8 ,12.3 ,12.6 ,13.1 ,13.5 ,14.2 ,7.8 ,8.8 ,9.8 ,10.9 ,12.2 ,13.7 ,15.3 
1,,19,0.0148 ,11.1430 ,0.1116 ,8.6 ,9.0 ,9.3 ,9.7 ,9.9 ,10.3 ,11.1 ,12.0 ,12.5 ,12.9 ,13.4 ,13.7 ,14.4 ,8.0 ,8.9 ,10.0 ,11.1 ,12.5 ,13.9 ,15.6 
1,,20,0.0087 ,11.3462 ,0.1121 ,8.7 ,9.2 ,9.4 ,9.8 ,10.1 ,10.5 ,11.3 ,12.2 ,12.7 ,13.1 ,13.6 ,14.0 ,14.7 ,8.1 ,9.1 ,10.1 ,11.3 ,12.7 ,14.2 ,15.9 
1,,21,0.0029 ,11.5486 ,0.1126 ,8.9 ,9.3 ,9.6 ,10.0 ,10.3 ,10.7 ,11.5 ,12.5 ,13.0 ,13.3 ,13.9 ,14.3 ,15.0 ,8.2 ,9.2 ,10.3 ,11.5 ,12.9 ,14.5 ,16.2 
1,,22,-0.0028 ,11.7504 ,0.1131 ,9.0 ,9.5 ,9.8 ,10.2 ,10.5 ,10.9 ,11.8 ,12.7 ,13.2 ,13.6 ,14.2 ,14.5 ,15.3 ,8.4 ,9.4 ,10.5 ,11.8 ,13.2 ,14.7 ,16.5 
1,,23,-0.0083 ,11.9514 ,0.1137 ,9.2 ,9.7 ,9.9 ,10.3 ,10.6 ,11.1 ,12.0 ,12.9 ,13.4 ,13.8 ,14.4 ,14.8 ,15.6 ,8.5 ,9.5 ,10.7 ,12.0 ,13.4 ,15.0 ,16.8 
1,2,24,-0.0137 ,12.1515 ,0.1143 ,9.3 ,9.8 ,10.1 ,10.5 ,10.8 ,11.3 ,12.2 ,13.1 ,13.7 ,14.1 ,14.7 ,15.1 ,15.9 ,8.6 ,9.7 ,10.8 ,12.2 ,13.6 ,15.3 ,17.1 
1,,25,-0.0189 ,12.3502 ,0.1149 ,9.5 ,10.0 ,10.2 ,10.7 ,11.0 ,11.4 ,12.4 ,13.3 ,13.9 ,14.3 ,14.9 ,15.3 ,16.1 ,8.8 ,9.8 ,11.0 ,12.4 ,13.9 ,15.5 ,17.5 
1,,26,-0.0240 ,12.5466 ,0.1154 ,9.6 ,10.1 ,10.4 ,10.8 ,11.1 ,11.6 ,12.5 ,13.6 ,14.1 ,14.6 ,15.2 ,15.6 ,16.4 ,8.9 ,10.0 ,11.2 ,12.5 ,14.1 ,15.8 ,17.8 
1,,27,-0.0289 ,12.7401 ,0.1160 ,9.7 ,10.2 ,10.5 ,11.0 ,11.3 ,11.8 ,12.7 ,13.8 ,14.4 ,14.8 ,15.4 ,15.9 ,16.7 ,9.0 ,10.1 ,11.3 ,12.7 ,14.3 ,16.1 ,18.1 
1,,28,-0.0337 ,12.9303 ,0.1166 ,9.9 ,10.4 ,10.7 ,11.1 ,11.5 ,12.0 ,12.9 ,14.0 ,14.6 ,15.0 ,15.7 ,16.1 ,17.0 ,9.1 ,10.2 ,11.5 ,12.9 ,14.5 ,16.3 ,18.4 
1,,29,-0.0385 ,13.1169 ,0.1172 ,10.0 ,10.5 ,10.8 ,11.3 ,11.6 ,12.1 ,13.1 ,14.2 ,14.8 ,15.2 ,15.9 ,16.4 ,17.3 ,9.2 ,10.4 ,11.7 ,13.1 ,14.8 ,16.6 ,18.7 
1,,30,-0.0431 ,13.3000 ,0.1178 ,10.1 ,10.7 ,11.0 ,11.4 ,11.8 ,12.3 ,13.3 ,14.4 ,15.0 ,15.5 ,16.2 ,16.6 ,17.5 ,9.4 ,10.5 ,11.8 ,13.3 ,15.0 ,16.9 ,19.0 
1,,31,-0.0476 ,13.4798 ,0.1184 ,10.3 ,10.8 ,11.1 ,11.6 ,11.9 ,12.4 ,13.5 ,14.6 ,15.2 ,15.7 ,16.4 ,16.9 ,17.8 ,9.5 ,10.7 ,12.0 ,13.5 ,15.2 ,17.1 ,19.3 
1,,32,-0.0520 ,13.6567 ,0.1190 ,10.4 ,10.9 ,11.2 ,11.7 ,12.1 ,12.6 ,13.7 ,14.8 ,15.5 ,15.9 ,16.6 ,17.1 ,18.0 ,9.6 ,10.8 ,12.1 ,13.7 ,15.4 ,17.4 ,19.6 
1,,33,-0.0564 ,13.8309 ,0.1195 ,10.5 ,11.1 ,11.4 ,11.9 ,12.2 ,12.8 ,13.8 ,15.0 ,15.7 ,16.1 ,16.9 ,17.3 ,18.3 ,9.7 ,10.9 ,12.3 ,13.8 ,15.6 ,17.6 ,19.9 
1,,34,-0.0606 ,14.0031 ,0.1201 ,10.6 ,11.2 ,11.5 ,12.0 ,12.4 ,12.9 ,14.0 ,15.2 ,15.9 ,16.3 ,17.1 ,17.6 ,18.6 ,9.8 ,11.0 ,12.4 ,14.0 ,15.8 ,17.8 ,20.2 
1,,35,-0.0648 ,14.1736 ,0.1206 ,10.7 ,11.3 ,11.6 ,12.2 ,12.5 ,13.1 ,14.2 ,15.4 ,16.1 ,16.6 ,17.3 ,17.8 ,18.8 ,9.9 ,11.2 ,12.6 ,14.2 ,16.0 ,18.1 ,20.4 
1,3,36,0.0567 ,14.7381 ,0.0969 ,11.7 ,12.3 ,12.6 ,13.0 ,13.3 ,13.8 ,14.7 ,15.7 ,16.3 ,16.7 ,17.3 ,17.7 ,18.4 ,11.0 ,12.1 ,13.4 ,14.7 ,16.2 ,17.9 ,19.7 
1,,37,-0.0147 ,14.9110 ,0.0981 ,11.9 ,12.4 ,12.7 ,13.2 ,13.5 ,14.0 ,14.9 ,15.9 ,16.5 ,16.9 ,17.5 ,17.9 ,18.7 ,11.1 ,12.3 ,13.5 ,14.9 ,16.4 ,18.1 ,20.0 
1,,38,-0.0804 ,15.0839 ,0.0993 ,12.0 ,12.5 ,12.8 ,13.3 ,13.6 ,14.1 ,15.1 ,16.1 ,16.7 ,17.1 ,17.8 ,18.2 ,19.0 ,11.2 ,12.4 ,13.7 ,15.1 ,16.7 ,18.4 ,20.4 
1,,39,-0.1409 ,15.2569 ,0.1005 ,12.1 ,12.7 ,13.0 ,13.4 ,13.8 ,14.3 ,15.3 ,16.3 ,16.9 ,17.4 ,18.0 ,18.5 ,19.4 ,11.4 ,12.5 ,13.8 ,15.3 ,16.9 ,18.7 ,20.8 
1,,40,-0.1966 ,15.4299 ,0.1016 ,12.2 ,12.8 ,13.1 ,13.6 ,13.9 ,14.4 ,15.4 ,16.5 ,17.2 ,17.6 ,18.3 ,18.7 ,19.7 ,11.5 ,12.6 ,14.0 ,15.4 ,17.1 ,19.0 ,21.1 
1,,41,-0.2480 ,15.6030 ,0.1027 ,12.4 ,12.9 ,13.2 ,13.7 ,14.0 ,14.6 ,15.6 ,16.7 ,17.4 ,17.8 ,18.5 ,19.0 ,20.0 ,11.6 ,12.8 ,14.1 ,15.6 ,17.3 ,19.3 ,21.5 
1,,42,-0.2990 ,15.7775 ,0.1038 ,12.5 ,13.0 ,13.4 ,13.8 ,14.2 ,14.7 ,15.8 ,16.9 ,17.6 ,18.1 ,18.8 ,19.3 ,20.3 ,11.7 ,12.9 ,14.2 ,15.8 ,17.5 ,19.6 ,21.9 
1,,43,-0.3461 ,15.9521 ,0.1049 ,12.6 ,13.2 ,13.5 ,14.0 ,14.3 ,14.9 ,16.0 ,17.1 ,17.8 ,18.3 ,19.1 ,19.6 ,20.6 ,11.8 ,13.0 ,14.4 ,16.0 ,17.8 ,19.8 ,22.3 
1,,44,-0.3895 ,16.1268 ,0.1060 ,12.7 ,13.3 ,13.6 ,14.1 ,14.5 ,15.0 ,16.1 ,17.3 ,18.0 ,18.5 ,19.3 ,19.8 ,20.9 ,12.0 ,13.2 ,14.5 ,16.1 ,18.0 ,20.1 ,22.6 
1,,45,-0.4297 ,16.3015 ,0.1070 ,12.9 ,13.4 ,13.8 ,14.3 ,14.6 ,15.2 ,16.3 ,17.5 ,18.3 ,18.8 ,19.6 ,20.1 ,21.2 ,12.1 ,13.3 ,14.7 ,16.3 ,18.2 ,20.4 ,23.0 
1,,46,-0.4669 ,16.4763 ,0.1080 ,13.0 ,13.6 ,13.9 ,14.4 ,14.8 ,15.3 ,16.5 ,17.7 ,18.5 ,19.0 ,19.8 ,20.4 ,21.5 ,12.2 ,13.4 ,14.8 ,16.5 ,18.4 ,20.7 ,23.4 
1,,47,-0.5013 ,16.6512 ,0.1089 ,13.1 ,13.7 ,14.0 ,14.5 ,14.9 ,15.5 ,16.7 ,17.9 ,18.7 ,19.2 ,20.1 ,20.7 ,21.8 ,12.3 ,13.5 ,15.0 ,16.7 ,18.6 ,21.0 ,23.8 
1,4,48,-0.5361 ,16.8276 ,0.1099 ,13.2 ,13.8 ,14.2 ,14.7 ,15.1 ,15.6 ,16.8 ,18.1 ,18.9 ,19.5 ,20.4 ,20.9 ,22.2 ,12.4 ,13.7 ,15.1 ,16.8 ,18.8 ,21.3 ,24.2 
1,,49,-0.5684 ,17.0041 ,0.1108 ,13.4 ,14.0 ,14.3 ,14.8 ,15.2 ,15.8 ,17.0 ,18.4 ,19.1 ,19.7 ,20.6 ,21.2 ,22.5 ,12.5 ,13.8 ,15.3 ,17.0 ,19.1 ,21.6 ,24.6 
1,,50,-0.5983 ,17.1807 ,0.1118 ,13.5 ,14.1 ,14.4 ,15.0 ,15.4 ,16.0 ,17.2 ,18.6 ,19.4 ,20.0 ,20.9 ,21.5 ,22.8 ,12.7 ,13.9 ,15.4 ,17.2 ,19.3 ,21.8 ,25.0 
1,,51,-0.6261 ,17.3573 ,0.1127 ,13.6 ,14.2 ,14.6 ,15.1 ,15.5 ,16.1 ,17.4 ,18.8 ,19.6 ,20.2 ,21.1 ,21.8 ,23.1 ,12.8 ,14.1 ,15.6 ,17.4 ,19.5 ,22.1 ,25.4 
1,,52,-0.6518 ,17.5340 ,0.1136 ,13.7 ,14.4 ,14.7 ,15.3 ,15.7 ,16.3 ,17.5 ,19.0 ,19.8 ,20.4 ,21.4 ,22.1 ,23.4 ,12.9 ,14.2 ,15.7 ,17.5 ,19.7 ,22.4 ,25.8 
1,,53,-0.6758 ,17.7108 ,0.1144 ,13.9 ,14.5 ,14.8 ,15.4 ,15.8 ,16.4 ,17.7 ,19.2 ,20.0 ,20.7 ,21.7 ,22.3 ,23.8 ,13.0 ,14.3 ,15.9 ,17.7 ,20.0 ,22.7 ,26.2 
1,,54,-0.6998 ,17.8888 ,0.1153 ,14.0 ,14.6 ,15.0 ,15.5 ,15.9 ,16.6 ,17.9 ,19.4 ,20.3 ,20.9 ,21.9 ,22.6 ,24.1 ,13.1 ,14.4 ,16.0 ,17.9 ,20.2 ,23.0 ,26.6 
1,,55,-0.7222 ,18.0670 ,0.1161 ,14.1 ,14.7 ,15.1 ,15.7 ,16.1 ,16.7 ,18.1 ,19.6 ,20.5 ,21.1 ,22.2 ,22.9 ,24.4 ,13.2 ,14.6 ,16.2 ,18.1 ,20.4 ,23.3 ,27.0 
1,,56,-0.7430 ,18.2452 ,0.1170 ,14.2 ,14.9 ,15.2 ,15.8 ,16.2 ,16.9 ,18.2 ,19.8 ,20.7 ,21.4 ,22.5 ,23.2 ,24.7 ,13.4 ,14.7 ,16.3 ,18.2 ,20.6 ,23.6 ,27.4 
1,,57,-0.7623 ,18.4235 ,0.1178 ,14.4 ,15.0 ,15.4 ,16.0 ,16.4 ,17.1 ,18.4 ,20.0 ,20.9 ,21.6 ,22.7 ,23.5 ,25.1 ,13.5 ,14.8 ,16.5 ,18.4 ,20.8 ,23.9 ,27.8 
1,,58,-0.7803 ,18.6018 ,0.1186 ,14.5 ,15.1 ,15.5 ,16.1 ,16.5 ,17.2 ,18.6 ,20.2 ,21.2 ,21.9 ,23.0 ,23.8 ,25.4 ,13.6 ,15.0 ,16.6 ,18.6 ,21.1 ,24.2 ,28.2 
1,,59,-0.7971 ,18.7802 ,0.1194 ,14.6 ,15.3 ,15.6 ,16.3 ,16.7 ,17.4 ,18.8 ,20.4 ,21.4 ,22.1 ,23.3 ,24.1 ,25.7 ,13.7 ,15.1 ,16.8 ,18.8 ,21.3 ,24.5 ,28.6 
1,5,60,-0.8162 ,18.9625 ,0.1202 ,14.7 ,15.4 ,15.8 ,16.4 ,16.8 ,17.5 ,19.0 ,20.6 ,21.6 ,22.4 ,23.5 ,24.3 ,26.0 ,13.8 ,15.2 ,16.9 ,19.0 ,21.5 ,24.8 ,29.1 
1,,61,-0.8339 ,19.1449 ,0.1211 ,14.9 ,15.5 ,15.9 ,16.5 ,17.0 ,17.7 ,19.1 ,20.8 ,21.9 ,22.6 ,23.8 ,24.6 ,26.4 ,13.9 ,15.4 ,17.1 ,19.1 ,21.8 ,25.1 ,29.5 
1,,62,-0.8503 ,19.3274 ,0.1219 ,15.0 ,15.7 ,16.1 ,16.7 ,17.1 ,17.9 ,19.3 ,21.0 ,22.1 ,22.9 ,24.1 ,24.9 ,26.7 ,14.1 ,15.5 ,17.2 ,19.3 ,22.0 ,25.4 ,29.9 
1,,63,-0.8655 ,19.5100 ,0.1227 ,15.1 ,15.8 ,16.2 ,16.8 ,17.3 ,18.0 ,19.5 ,21.3 ,22.3 ,23.1 ,24.4 ,25.2 ,27.1 ,14.2 ,15.6 ,17.4 ,19.5 ,22.2 ,25.7 ,30.4 
1,,64,-0.8797 ,19.6926 ,0.1235 ,15.2 ,15.9 ,16.3 ,17.0 ,17.4 ,18.2 ,19.7 ,21.5 ,22.6 ,23.4 ,24.6 ,25.5 ,27.4 ,14.3 ,15.7 ,17.5 ,19.7 ,22.4 ,26.0 ,30.8 
1,,65,-0.8930 ,19.8753 ,0.1242 ,15.4 ,16.1 ,16.5 ,17.1 ,17.6 ,18.3 ,19.9 ,21.7 ,22.8 ,23.6 ,24.9 ,25.8 ,27.8 ,14.4 ,15.9 ,17.7 ,19.9 ,22.7 ,26.3 ,31.3 
1,,66,-0.9106 ,20.0814 ,0.1254 ,15.5 ,16.2 ,16.6 ,17.3 ,17.8 ,18.5 ,20.1 ,21.9 ,23.1 ,23.9 ,25.2 ,26.2 ,28.2 ,14.5 ,16.0 ,17.8 ,20.1 ,22.9 ,26.7 ,31.8 
1,,67,-0.9264 ,20.2877 ,0.1265 ,15.6 ,16.4 ,16.8 ,17.4 ,17.9 ,18.7 ,20.3 ,22.2 ,23.3 ,24.2 ,25.6 ,26.5 ,28.6 ,14.7 ,16.2 ,18.0 ,20.3 ,23.2 ,27.1 ,32.4 
1,,68,-0.9407 ,20.4941 ,0.1275 ,15.8 ,16.5 ,16.9 ,17.6 ,18.1 ,18.9 ,20.5 ,22.4 ,23.6 ,24.5 ,25.9 ,26.9 ,29.0 ,14.8 ,16.3 ,18.2 ,20.5 ,23.5 ,27.4 ,32.9 
1,,69,-0.9536 ,20.7007 ,0.1286 ,15.9 ,16.7 ,17.1 ,17.8 ,18.3 ,19.0 ,20.7 ,22.7 ,23.9 ,24.8 ,26.2 ,27.3 ,29.4 ,14.9 ,16.4 ,18.3 ,20.7 ,23.7 ,27.8 ,33.5 
1,,70,-0.9653 ,20.9073 ,0.1296 ,16.0 ,16.8 ,17.2 ,17.9 ,18.4 ,19.2 ,20.9 ,22.9 ,24.1 ,25.1 ,26.5 ,27.6 ,29.9 ,15.0 ,16.6 ,18.5 ,20.9 ,24.0 ,28.2 ,34.0 
1,,71,-0.9757 ,21.1141 ,0.1306 ,16.2 ,16.9 ,17.4 ,18.1 ,18.6 ,19.4 ,21.1 ,23.2 ,24.4 ,25.3 ,26.9 ,28.0 ,30.3 ,15.2 ,16.7 ,18.7 ,21.1 ,24.3 ,28.5 ,34.6 
1,6,72,-0.9753 ,21.3417 ,0.1318 ,16.3 ,17.1 ,17.5 ,18.3 ,18.8 ,19.6 ,21.3 ,23.4 ,24.7 ,25.7 ,27.2 ,28.3 ,30.7 ,15.3 ,16.9 ,18.9 ,21.3 ,24.6 ,28.9 ,35.2 
1,,73,-0.9743 ,21.5693 ,0.1330 ,16.5 ,17.2 ,17.7 ,18.4 ,19.0 ,19.8 ,21.6 ,23.7 ,25.0 ,26.0 ,27.6 ,28.7 ,31.2 ,15.4 ,17.0 ,19.0 ,21.6 ,24.9 ,29.3 ,35.7 
1,,74,-0.9730 ,21.7970 ,0.1342 ,16.6 ,17.4 ,17.8 ,18.6 ,19.1 ,20.0 ,21.8 ,24.0 ,25.3 ,26.3 ,27.9 ,29.1 ,31.6 ,15.5 ,17.2 ,19.2 ,21.8 ,25.2 ,29.7 ,36.3 
1,,75,-0.9714 ,22.0247 ,0.1353 ,16.7 ,17.5 ,18.0 ,18.8 ,19.3 ,20.2 ,22.0 ,24.2 ,25.6 ,26.6 ,28.3 ,29.5 ,32.1 ,15.6 ,17.3 ,19.4 ,22.0 ,25.5 ,30.1 ,36.9 
1,,76,-0.9694 ,22.2524 ,0.1364 ,16.9 ,17.7 ,18.2 ,18.9 ,19.5 ,20.4 ,22.3 ,24.5 ,25.9 ,27.0 ,28.7 ,29.9 ,32.5 ,15.8 ,17.5 ,19.6 ,22.3 ,25.8 ,30.5 ,37.5 
1,,77,-0.9672 ,22.4802 ,0.1375 ,17.0 ,17.8 ,18.3 ,19.1 ,19.7 ,20.6 ,22.5 ,24.8 ,26.2 ,27.3 ,29.0 ,30.3 ,33.0 ,15.9 ,17.6 ,19.8 ,22.5 ,26.1 ,30.9 ,38.1 
1,,78,-0.9576 ,22.7267 ,0.1388 ,17.2 ,18.0 ,18.5 ,19.3 ,19.9 ,20.8 ,22.7 ,25.1 ,26.5 ,27.6 ,29.4 ,30.7 ,33.4 ,16.0 ,17.8 ,20.0 ,22.7 ,26.4 ,31.4 ,38.7 
1,,79,-0.9481 ,22.9732 ,0.1400 ,17.3 ,18.2 ,18.7 ,19.5 ,20.1 ,21.0 ,23.0 ,25.4 ,26.9 ,28.0 ,29.8 ,31.1 ,33.9 ,16.1 ,17.9 ,20.1 ,23.0 ,26.7 ,31.8 ,39.2 
1,,80,-0.9388 ,23.2196 ,0.1412 ,17.4 ,18.3 ,18.8 ,19.6 ,20.2 ,21.2 ,23.2 ,25.7 ,27.2 ,28.3 ,30.2 ,31.5 ,34.4 ,16.3 ,18.1 ,20.3 ,23.2 ,27.0 ,32.2 ,39.8 
1,,81,-0.9298 ,23.4661 ,0.1424 ,17.6 ,18.5 ,19.0 ,19.8 ,20.4 ,21.4 ,23.5 ,25.9 ,27.5 ,28.7 ,30.6 ,31.9 ,34.9 ,16.4 ,18.2 ,20.5 ,23.5 ,27.3 ,32.7 ,40.4 
1,,82,-0.9210 ,23.7126 ,0.1435 ,17.7 ,18.6 ,19.2 ,20.0 ,20.6 ,21.6 ,23.7 ,26.2 ,27.8 ,29.0 ,30.9 ,32.3 ,35.3 ,16.5 ,18.4 ,20.7 ,23.7 ,27.7 ,33.1 ,41.0 
1,,83,-0.9124 ,23.9591 ,0.1447 ,17.9 ,18.8 ,19.3 ,20.2 ,20.8 ,21.8 ,24.0 ,26.5 ,28.2 ,29.4 ,31.3 ,32.8 ,35.8 ,16.6 ,18.5 ,20.9 ,24.0 ,28.0 ,33.5 ,41.6 
1,7,84,-0.8993 ,24.2214 ,0.1460 ,18.0 ,18.9 ,19.5 ,20.4 ,21.0 ,22.0 ,24.2 ,26.9 ,28.5 ,29.7 ,31.7 ,33.2 ,36.3 ,16.7 ,18.7 ,21.1 ,24.2 ,28.3 ,34.0 ,42.3 
1,,85,-0.8867 ,24.4837 ,0.1474 ,18.2 ,19.1 ,19.7 ,20.6 ,21.2 ,22.3 ,24.5 ,27.2 ,28.9 ,30.1 ,32.2 ,33.7 ,36.8 ,16.9 ,18.8 ,21.3 ,24.5 ,28.7 ,34.5 ,42.9 
1,,86,-0.8745 ,24.7461 ,0.1486 ,18.3 ,19.3 ,19.8 ,20.7 ,21.4 ,22.5 ,24.7 ,27.5 ,29.2 ,30.5 ,32.6 ,34.1 ,37.4 ,17.0 ,19.0 ,21.5 ,24.7 ,29.0 ,34.9 ,43.5 
1,,87,-0.8628 ,25.0084 ,0.1499 ,18.4 ,19.4 ,20.0 ,20.9 ,21.6 ,22.7 ,25.0 ,27.8 ,29.5 ,30.9 ,33.0 ,34.5 ,37.9 ,17.1 ,19.2 ,21.7 ,25.0 ,29.4 ,35.4 ,44.2 
1,,88,-0.8514 ,25.2707 ,0.1511 ,18.6 ,19.6 ,20.2 ,21.1 ,21.8 ,22.9 ,25.3 ,28.1 ,29.9 ,31.2 ,33.4 ,35.0 ,38.4 ,17.2 ,19.3 ,21.9 ,25.3 ,29.7 ,35.8 ,44.8 
1,,89,-0.8404 ,25.5329 ,0.1524 ,18.7 ,19.8 ,20.3 ,21.3 ,22.0 ,23.1 ,25.5 ,28.4 ,30.2 ,31.6 ,33.8 ,35.4 ,38.9 ,17.3 ,19.5 ,22.1 ,25.5 ,30.1 ,36.3 ,45.5 
1,,90,-0.8208 ,25.8155 ,0.1537 ,18.9 ,19.9 ,20.5 ,21.5 ,22.2 ,23.4 ,25.8 ,28.8 ,30.6 ,32.0 ,34.3 ,35.9 ,39.4 ,17.5 ,19.6 ,22.3 ,25.8 ,30.4 ,36.8 ,46.1 
1,,91,-0.8020 ,26.0979 ,0.1550 ,19.0 ,20.1 ,20.7 ,21.7 ,22.4 ,23.6 ,26.1 ,29.1 ,31.0 ,32.4 ,34.7 ,36.4 ,39.9 ,17.6 ,19.8 ,22.6 ,26.1 ,30.8 ,37.3 ,46.7 
1,,92,-0.7841 ,26.3804 ,0.1563 ,19.2 ,20.2 ,20.9 ,21.9 ,22.6 ,23.8 ,26.4 ,29.4 ,31.4 ,32.8 ,35.2 ,36.8 ,40.5 ,17.7 ,19.9 ,22.8 ,26.4 ,31.2 ,37.8 ,47.3 
1,,93,-0.7669 ,26.6629 ,0.1576 ,19.3 ,20.4 ,21.0 ,22.1 ,22.9 ,24.1 ,26.7 ,29.8 ,31.7 ,33.2 ,35.6 ,37.3 ,41.0 ,17.8 ,20.1 ,23.0 ,26.7 ,31.5 ,38.2 ,48.0 
1,,94,-0.7503 ,26.9453 ,0.1588 ,19.4 ,20.6 ,21.2 ,22.3 ,23.1 ,24.3 ,26.9 ,30.1 ,32.1 ,33.6 ,36.0 ,37.8 ,41.5 ,17.9 ,20.3 ,23.2 ,26.9 ,31.9 ,38.7 ,48.6 
1,,95,-0.7344 ,27.2277 ,0.1600 ,19.6 ,20.7 ,21.4 ,22.5 ,23.3 ,24.5 ,27.2 ,30.5 ,32.5 ,34.0 ,36.5 ,38.3 ,42.1 ,18.0 ,20.4 ,23.4 ,27.2 ,32.3 ,39.2 ,49.2 
1,8,96,-0.7076 ,27.5321 ,0.1613 ,19.7 ,20.9 ,21.6 ,22.7 ,23.5 ,24.8 ,27.5 ,30.8 ,32.9 ,34.4 ,36.9 ,38.7 ,42.6 ,18.2 ,20.6 ,23.6 ,27.5 ,32.7 ,39.7 ,49.8 
1,,97,-0.6820 ,27.8365 ,0.1625 ,19.9 ,21.1 ,21.8 ,22.9 ,23.7 ,25.0 ,27.8 ,31.2 ,33.3 ,34.8 ,37.4 ,39.2 ,43.1 ,18.3 ,20.8 ,23.9 ,27.8 ,33.1 ,40.2 ,50.4 
1,,98,-0.6574 ,28.1409 ,0.1638 ,20.0 ,21.3 ,22.0 ,23.1 ,24.0 ,25.3 ,28.1 ,31.6 ,33.7 ,35.3 ,37.9 ,39.7 ,43.6 ,18.4 ,20.9 ,24.1 ,28.1 ,33.5 ,40.7 ,50.9 
1,,99,-0.6339 ,28.4453 ,0.1650 ,20.2 ,21.4 ,22.1 ,23.3 ,24.2 ,25.5 ,28.4 ,31.9 ,34.1 ,35.7 ,38.3 ,40.2 ,44.2 ,18.5 ,21.1 ,24.3 ,28.4 ,33.9 ,41.2 ,51.5 
1,,100,-0.6113 ,28.7497 ,0.1661 ,20.3 ,21.6 ,22.3 ,23.5 ,24.4 ,25.8 ,28.7 ,32.3 ,34.5 ,36.1 ,38.8 ,40.7 ,44.7 ,18.6 ,21.2 ,24.5 ,28.7 ,34.3 ,41.7 ,52.1 
1,,101,-0.5896 ,29.0540 ,0.1673 ,20.5 ,21.8 ,22.5 ,23.7 ,24.6 ,26.0 ,29.1 ,32.7 ,34.9 ,36.5 ,39.2 ,41.1 ,45.2 ,18.7 ,21.4 ,24.8 ,29.1 ,34.6 ,42.2 ,52.7 
1,,102,-0.5621 ,29.3761 ,0.1685 ,20.6 ,21.9 ,22.7 ,24.0 ,24.9 ,26.3 ,29.4 ,33.0 ,35.3 ,37.0 ,39.7 ,41.6 ,45.7 ,18.8 ,21.6 ,25.0 ,29.4 ,35.1 ,42.7 ,53.3 
1,,103,-0.5357 ,29.6982 ,0.1698 ,20.8 ,22.1 ,22.9 ,24.2 ,25.1 ,26.6 ,29.7 ,33.4 ,35.7 ,37.4 ,40.2 ,42.2 ,46.3 ,18.9 ,21.7 ,25.2 ,29.7 ,35.5 ,43.2 ,53.8 
1,,104,-0.5103 ,30.0203 ,0.1710 ,20.9 ,22.3 ,23.1 ,24.4 ,25.3 ,26.8 ,30.0 ,33.8 ,36.1 ,37.9 ,40.7 ,42.7 ,46.8 ,19.0 ,21.9 ,25.5 ,30.0 ,35.9 ,43.7 ,54.4 
1,,105,-0.4860 ,30.3424 ,0.1721 ,21.0 ,22.5 ,23.3 ,24.6 ,25.6 ,27.1 ,30.3 ,34.2 ,36.6 ,38.3 ,41.1 ,43.2 ,47.4 ,19.1 ,22.1 ,25.7 ,30.3 ,36.3 ,44.2 ,55.0 
1,,106,-0.4627 ,30.6645 ,0.1733 ,21.2 ,22.6 ,23.5 ,24.8 ,25.8 ,27.4 ,30.7 ,34.6 ,37.0 ,38.8 ,41.6 ,43.7 ,47.9 ,19.2 ,22.2 ,26.0 ,30.7 ,36.7 ,44.7 ,55.6 
1,,107,-0.4402 ,30.9867 ,0.1744 ,21.3 ,22.8 ,23.7 ,25.0 ,26.0 ,27.6 ,31.0 ,35.0 ,37.4 ,39.2 ,42.1 ,44.2 ,48.4 ,19.4 ,22.4 ,26.2 ,31.0 ,37.2 ,45.3 ,56.2 
1,9,108,-0.4160 ,31.3251 ,0.1756 ,21.5 ,23.0 ,23.8 ,25.3 ,26.3 ,27.9 ,31.3 ,35.4 ,37.9 ,39.7 ,42.6 ,44.7 ,49.0 ,19.5 ,22.6 ,26.4 ,31.3 ,37.6 ,45.8 ,56.8 
1,,109,-0.3928 ,31.6635 ,0.1768 ,21.6 ,23.2 ,24.0 ,25.5 ,26.5 ,28.2 ,31.7 ,35.8 ,38.3 ,40.1 ,43.1 ,45.2 ,49.6 ,19.6 ,22.7 ,26.7 ,31.7 ,38.0 ,46.3 ,57.4 
1,,110,-0.3705 ,32.0019 ,0.1779 ,21.8 ,23.3 ,24.2 ,25.7 ,26.8 ,28.5 ,32.0 ,36.2 ,38.7 ,40.6 ,43.6 ,45.7 ,50.2 ,19.7 ,22.9 ,26.9 ,32.0 ,38.5 ,46.9 ,58.0 
1,,111,-0.3491 ,32.3404 ,0.1790 ,21.9 ,23.5 ,24.4 ,25.9 ,27.0 ,28.7 ,32.3 ,36.6 ,39.2 ,41.1 ,44.1 ,46.3 ,50.7 ,19.8 ,23.1 ,27.2 ,32.3 ,38.9 ,47.4 ,58.6 
1,,112,-0.3284 ,32.6788 ,0.1801 ,22.1 ,23.7 ,24.6 ,26.2 ,27.3 ,29.0 ,32.7 ,37.0 ,39.6 ,41.5 ,44.6 ,46.8 ,51.3 ,19.9 ,23.2 ,27.4 ,32.7 ,39.3 ,48.0 ,59.2 
1,,113,-0.3085 ,33.0173 ,0.1812 ,22.2 ,23.9 ,24.8 ,26.4 ,27.5 ,29.3 ,33.0 ,37.4 ,40.1 ,42.0 ,45.1 ,47.3 ,51.9 ,20.0 ,23.4 ,27.7 ,33.0 ,39.8 ,48.5 ,59.9 
1,,114,-0.2869 ,33.3742 ,0.1823 ,22.4 ,24.1 ,25.0 ,26.6 ,27.8 ,29.6 ,33.4 ,37.8 ,40.5 ,42.5 ,45.7 ,47.9 ,52.5 ,20.1 ,23.6 ,27.9 ,33.4 ,40.2 ,49.1 ,60.5 
1,,115,-0.2661 ,33.7312 ,0.1833 ,22.5 ,24.3 ,25.2 ,26.9 ,28.0 ,29.9 ,33.7 ,38.3 ,41.0 ,43.0 ,46.2 ,48.4 ,53.0 ,20.2 ,23.8 ,28.2 ,33.7 ,40.7 ,49.6 ,61.1 
1,,116,-0.2461 ,34.0882 ,0.1844 ,22.7 ,24.4 ,25.4 ,27.1 ,28.3 ,30.2 ,34.1 ,38.7 ,41.5 ,43.5 ,46.7 ,49.0 ,53.6 ,20.3 ,24.0 ,28.5 ,34.1 ,41.2 ,50.2 ,61.8 
1,,117,-0.2267 ,34.4452 ,0.1854 ,22.8 ,24.6 ,25.6 ,27.3 ,28.5 ,30.4 ,34.4 ,39.1 ,41.9 ,44.0 ,47.2 ,49.5 ,54.2 ,20.4 ,24.1 ,28.7 ,34.4 ,41.6 ,50.7 ,62.4 
1,,118,-0.2081 ,34.8022 ,0.1864 ,23.0 ,24.8 ,25.9 ,27.6 ,28.8 ,30.7 ,34.8 ,39.5 ,42.4 ,44.5 ,47.8 ,50.1 ,54.8 ,20.5 ,24.3 ,29.0 ,34.8 ,42.1 ,51.3 ,63.1 
1,,119,-0.1902 ,35.1592 ,0.1873 ,23.1 ,25.0 ,26.1 ,27.8 ,29.1 ,31.0 ,35.2 ,40.0 ,42.9 ,45.0 ,48.3 ,50.6 ,55.4 ,20.6 ,24.5 ,29.2 ,35.2 ,42.5 ,51.9 ,63.7 
1,10,120,-0.1700 ,35.5349 ,0.1882 ,23.3 ,25.2 ,26.3 ,28.1 ,29.3 ,31.3 ,35.5 ,40.4 ,43.3 ,45.5 ,48.8 ,51.2 ,56.0 ,20.7 ,24.7 ,29.5 ,35.5 ,43.0 ,52.4 ,64.3 
1,,121,-0.1505 ,35.9105 ,0.1890 ,23.5 ,25.4 ,26.5 ,28.3 ,29.6 ,31.6 ,35.9 ,40.8 ,43.8 ,46.0 ,49.4 ,51.8 ,56.6 ,20.8 ,24.9 ,29.8 ,35.9 ,43.5 ,53.0 ,65.0 
1,,122,-0.1317 ,36.2862 ,0.1899 ,23.6 ,25.6 ,26.7 ,28.6 ,29.9 ,32.0 ,36.3 ,41.3 ,44.3 ,46.5 ,49.9 ,52.3 ,57.2 ,21.0 ,25.1 ,30.1 ,36.3 ,44.0 ,53.6 ,65.6 
1,,123,-0.1134 ,36.6619 ,0.1907 ,23.8 ,25.8 ,26.9 ,28.8 ,30.2 ,32.3 ,36.7 ,41.7 ,44.8 ,47.0 ,50.5 ,52.9 ,57.8 ,21.1 ,25.2 ,30.4 ,36.7 ,44.5 ,54.1 ,66.2 
1,,124,-0.0958 ,37.0376 ,0.1914 ,23.9 ,26.0 ,27.2 ,29.1 ,30.4 ,32.6 ,37.0 ,42.2 ,45.3 ,47.5 ,51.0 ,53.4 ,58.4 ,21.2 ,25.4 ,30.6 ,37.0 ,44.9 ,54.7 ,66.9 
1,,125,-0.0788 ,37.4134 ,0.1922 ,24.1 ,26.2 ,27.4 ,29.3 ,30.7 ,32.9 ,37.4 ,42.6 ,45.7 ,48.0 ,51.5 ,54.0 ,59.0 ,21.3 ,25.6 ,30.9 ,37.4 ,45.4 ,55.3 ,67.5 
1,,126,-0.0612 ,37.8103 ,0.1929 ,24.3 ,26.4 ,27.6 ,29.6 ,31.0 ,33.2 ,37.8 ,43.1 ,46.2 ,48.5 ,52.1 ,54.6 ,59.6 ,21.4 ,25.8 ,31.2 ,37.8 ,45.9 ,55.9 ,68.2 
1,,127,-0.0441 ,38.2074 ,0.1936 ,24.5 ,26.6 ,27.9 ,29.9 ,31.3 ,33.5 ,38.2 ,43.6 ,46.7 ,49.0 ,52.7 ,55.1 ,60.2 ,21.5 ,26.0 ,31.5 ,38.2 ,46.4 ,56.5 ,68.8 
1,,128,-0.0275 ,38.6045 ,0.1942 ,24.6 ,26.8 ,28.1 ,30.1 ,31.6 ,33.9 ,38.6 ,44.0 ,47.2 ,49.6 ,53.2 ,55.7 ,60.8 ,21.7 ,26.2 ,31.8 ,38.6 ,46.9 ,57.0 ,69.5 
1,,129,-0.0113 ,39.0017 ,0.1949 ,24.8 ,27.1 ,28.3 ,30.4 ,31.9 ,34.2 ,39.0 ,44.5 ,47.7 ,50.1 ,53.8 ,56.3 ,61.4 ,21.8 ,26.4 ,32.1 ,39.0 ,47.4 ,57.6 ,70.1 
1,,130,0.0043 ,39.3989 ,0.1955 ,25.0 ,27.3 ,28.6 ,30.7 ,32.2 ,34.5 ,39.4 ,44.9 ,48.2 ,50.6 ,54.3 ,56.9 ,62.1 ,21.9 ,26.6 ,32.4 ,39.4 ,47.9 ,58.2 ,70.8 
1,,131,0.0195 ,39.7961 ,0.1961 ,25.2 ,27.5 ,28.8 ,30.9 ,32.5 ,34.9 ,39.8 ,45.4 ,48.7 ,51.1 ,54.9 ,57.5 ,62.7 ,22.0 ,26.8 ,32.7 ,39.8 ,48.4 ,58.8 ,71.4 
1,11,132,0.0333 ,40.2146 ,0.1966 ,25.4 ,27.7 ,29.1 ,31.2 ,32.8 ,35.2 ,40.2 ,45.9 ,49.3 ,51.7 ,55.5 ,58.1 ,63.3 ,22.2 ,27.1 ,33.0 ,40.2 ,48.9 ,59.4 ,72.1 
1,,133,0.0467 ,40.6331 ,0.1971 ,25.6 ,28.0 ,29.3 ,31.5 ,33.1 ,35.6 ,40.6 ,46.4 ,49.8 ,52.2 ,56.1 ,58.7 ,64.0 ,22.3 ,27.3 ,33.3 ,40.6 ,49.4 ,60.1 ,72.8 
1,,134,0.0599 ,41.0518 ,0.1976 ,25.8 ,28.2 ,29.6 ,31.8 ,33.4 ,35.9 ,41.1 ,46.9 ,50.3 ,52.8 ,56.6 ,59.3 ,64.6 ,22.4 ,27.5 ,33.7 ,41.1 ,50.0 ,60.7 ,73.5 
1,,135,0.0726 ,41.4706 ,0.1981 ,26.0 ,28.4 ,29.8 ,32.1 ,33.7 ,36.3 ,41.5 ,47.4 ,50.8 ,53.3 ,57.2 ,59.9 ,65.3 ,22.6 ,27.7 ,34.0 ,41.5 ,50.5 ,61.3 ,74.2 
1,,136,0.0851 ,41.8894 ,0.1986 ,26.1 ,28.7 ,30.1 ,32.4 ,34.0 ,36.6 ,41.9 ,47.9 ,51.4 ,53.9 ,57.8 ,60.5 ,65.9 ,22.7 ,28.0 ,34.3 ,41.9 ,51.0 ,61.9 ,74.9 
1,,137,0.0973 ,42.3083 ,0.1991 ,26.3 ,28.9 ,30.3 ,32.7 ,34.3 ,37.0 ,42.3 ,48.3 ,51.9 ,54.4 ,58.4 ,61.1 ,66.5 ,22.9 ,28.2 ,34.6 ,42.3 ,51.5 ,62.5 ,75.6 
1,,138,0.1071 ,42.7515 ,0.1992 ,26.6 ,29.2 ,30.6 ,33.0 ,34.7 ,37.3 ,42.8 ,48.9 ,52.4 ,55.0 ,59.0 ,61.7 ,67.2 ,23.1 ,28.5 ,35.0 ,42.8 ,52.1 ,63.2 ,76.3 
1,,139,0.1168 ,43.1947 ,0.1994 ,26.8 ,29.4 ,30.9 ,33.3 ,35.0 ,37.7 ,43.2 ,49.4 ,53.0 ,55.6 ,59.6 ,62.4 ,67.9 ,23.2 ,28.7 ,35.3 ,43.2 ,52.6 ,63.8 ,77.0 
1,,140,0.1263 ,43.6380 ,0.1996 ,27.0 ,29.7 ,31.2 ,33.6 ,35.4 ,38.1 ,43.6 ,49.9 ,53.5 ,56.1 ,60.2 ,63.0 ,68.5 ,23.4 ,29.0 ,35.7 ,43.6 ,53.1 ,64.4 ,77.7 
1,,141,0.1356 ,44.0813 ,0.1997 ,27.3 ,30.0 ,31.5 ,34.0 ,35.7 ,38.5 ,44.1 ,50.4 ,54.1 ,56.7 ,60.8 ,63.6 ,69.2 ,23.6 ,29.2 ,36.0 ,44.1 ,53.7 ,65.0 ,78.4 
1,,142,0.1448 ,44.5248 ,0.1999 ,27.5 ,30.2 ,31.8 ,34.3 ,36.1 ,38.9 ,44.5 ,50.9 ,54.6 ,57.3 ,61.4 ,64.2 ,69.8 ,23.8 ,29.5 ,36.4 ,44.5 ,54.2 ,65.7 ,79.1 
1,,143,0.1538 ,44.9684 ,0.2000 ,27.7 ,30.5 ,32.1 ,34.6 ,36.4 ,39.2 ,45.0 ,51.4 ,55.1 ,57.8 ,62.0 ,64.8 ,70.5 ,24.0 ,29.8 ,36.7 ,45.0 ,54.8 ,66.3 ,79.8 
1,12,144,0.1618 ,45.4253 ,0.1998 ,28.0 ,30.8 ,32.4 ,35.0 ,36.8 ,39.6 ,45.4 ,51.9 ,55.7 ,58.4 ,62.6 ,65.4 ,71.1 ,24.2 ,30.1 ,37.1 ,45.4 ,55.3 ,66.9 ,80.5 
1,,145,0.1698 ,45.8824 ,0.1995 ,28.3 ,31.1 ,32.7 ,35.3 ,37.2 ,40.0 ,45.9 ,52.4 ,56.2 ,58.9 ,63.1 ,66.0 ,71.7 ,24.4 ,30.4 ,37.5 ,45.9 ,55.8 ,67.5 ,81.1 
1,,146,0.1777 ,46.3396 ,0.1993 ,28.6 ,31.4 ,33.1 ,35.7 ,37.5 ,40.4 ,46.3 ,52.9 ,56.8 ,59.5 ,63.7 ,66.6 ,72.4 ,24.6 ,30.6 ,37.8 ,46.3 ,56.4 ,68.1 ,81.8 
1,,147,0.1855 ,46.7968 ,0.1991 ,28.8 ,31.7 ,33.4 ,36.0 ,37.9 ,40.8 ,46.8 ,53.4 ,57.3 ,60.0 ,64.3 ,67.2 ,73.0 ,24.8 ,30.9 ,38.2 ,46.8 ,56.9 ,68.7 ,82.5 
1,,148,0.1932 ,47.2542 ,0.1988 ,29.1 ,32.1 ,33.7 ,36.4 ,38.3 ,41.3 ,47.3 ,53.9 ,57.8 ,60.6 ,64.9 ,67.8 ,73.6 ,25.1 ,31.2 ,38.6 ,47.3 ,57.4 ,69.3 ,83.1 
1,,149,0.2009 ,47.7116 ,0.1986 ,29.4 ,32.4 ,34.0 ,36.7 ,38.7 ,41.7 ,47.7 ,54.5 ,58.4 ,61.2 ,65.5 ,68.4 ,74.2 ,25.3 ,31.5 ,39.0 ,47.7 ,58.0 ,69.9 ,83.8 
1,,150,0.2081 ,48.1693 ,0.1980 ,29.7 ,32.7 ,34.4 ,37.1 ,39.1 ,42.1 ,48.2 ,55.0 ,58.9 ,61.7 ,66.0 ,69.0 ,74.8 ,25.5 ,31.9 ,39.4 ,48.2 ,58.5 ,70.5 ,84.3 
1,,151,0.2154 ,48.6271 ,0.1974 ,30.0 ,33.0 ,34.7 ,37.5 ,39.4 ,42.5 ,48.6 ,55.4 ,59.4 ,62.2 ,66.6 ,69.5 ,75.4 ,25.8 ,32.2 ,39.7 ,48.6 ,59.0 ,71.0 ,84.9 
1,,152,0.2226 ,49.0850 ,0.1969 ,30.3 ,33.4 ,35.1 ,37.9 ,39.8 ,42.9 ,49.1 ,55.9 ,59.9 ,62.7 ,67.1 ,70.1 ,75.9 ,26.1 ,32.5 ,40.1 ,49.1 ,59.5 ,71.6 ,85.5 
1,,153,0.2299 ,49.5431 ,0.1963 ,30.6 ,33.7 ,35.4 ,38.2 ,40.2 ,43.3 ,49.5 ,56.4 ,60.4 ,63.3 ,67.6 ,70.6 ,76.5 ,26.3 ,32.8 ,40.5 ,49.5 ,60.0 ,72.1 ,86.1 
1,,154,0.2372 ,50.0012 ,0.1957 ,30.9 ,34.0 ,35.8 ,38.6 ,40.6 ,43.7 ,50.0 ,56.9 ,61.0 ,63.8 ,68.2 ,71.2 ,77.0 ,26.6 ,33.2 ,40.9 ,50.0 ,60.5 ,72.7 ,86.6 
1,,155,0.2445 ,50.4595 ,0.1952 ,31.2 ,34.3 ,36.1 ,39.0 ,41.0 ,44.1 ,50.5 ,57.4 ,61.5 ,64.3 ,68.7 ,71.7 ,77.6 ,26.8 ,33.5 ,41.3 ,50.5 ,61.1 ,73.3 ,87.2 
1,13,156,0.2503 ,50.9021 ,0.1942 ,31.5 ,34.7 ,36.5 ,39.4 ,41.4 ,44.6 ,50.9 ,57.9 ,61.9 ,64.8 ,69.2 ,72.2 ,78.1 ,27.1 ,33.8 ,41.7 ,50.9 ,61.5 ,73.7 ,87.7 
1,,157,0.2562 ,51.3448 ,0.1932 ,31.8 ,35.1 ,36.9 ,39.8 ,41.8 ,45.0 ,51.3 ,58.4 ,62.4 ,65.3 ,69.7 ,72.7 ,78.6 ,27.4 ,34.2 ,42.1 ,51.3 ,62.0 ,74.2 ,88.2 
1,,158,0.2622 ,51.7875 ,0.1923 ,32.2 ,35.4 ,37.2 ,40.1 ,42.2 ,45.4 ,51.8 ,58.8 ,62.9 ,65.8 ,70.2 ,73.2 ,79.1 ,27.7 ,34.5 ,42.5 ,51.8 ,62.5 ,74.7 ,88.6 
1,,159,0.2683 ,52.2304 ,0.1914 ,32.5 ,35.8 ,37.6 ,40.5 ,42.6 ,45.8 ,52.2 ,59.3 ,63.4 ,66.2 ,70.7 ,73.6 ,79.5 ,28.0 ,34.9 ,42.9 ,52.2 ,62.9 ,75.2 ,89.1 
1,,160,0.2745 ,52.6733 ,0.1904 ,32.8 ,36.1 ,38.0 ,40.9 ,43.0 ,46.2 ,52.7 ,59.8 ,63.8 ,66.7 ,71.1 ,74.1 ,80.0 ,28.3 ,35.2 ,43.3 ,52.7 ,63.4 ,75.7 ,89.6 
1,,161,0.2808 ,53.1164 ,0.1895 ,33.2 ,36.5 ,38.3 ,41.3 ,43.4 ,46.6 ,53.1 ,60.2 ,64.3 ,67.2 ,71.6 ,74.6 ,80.5 ,28.6 ,35.6 ,43.7 ,53.1 ,63.9 ,76.2 ,90.0 
1,,162,0.2841 ,53.5329 ,0.1882 ,33.5 ,36.9 ,38.7 ,41.7 ,43.8 ,47.0 ,53.5 ,60.6 ,64.7 ,67.6 ,72.0 ,75.0 ,80.9 ,28.9 ,36.0 ,44.1 ,53.5 ,64.3 ,76.5 ,90.4 
1,,163,0.2876 ,53.9495 ,0.1869 ,33.9 ,37.2 ,39.1 ,42.1 ,44.2 ,47.4 ,53.9 ,61.1 ,65.1 ,68.0 ,72.4 ,75.4 ,81.3 ,29.3 ,36.3 ,44.5 ,53.9 ,64.7 ,76.9 ,90.7 
1,,164,0.2911 ,54.3660 ,0.1856 ,34.3 ,37.6 ,39.5 ,42.5 ,44.6 ,47.9 ,54.4 ,61.5 ,65.6 ,68.4 ,72.8 ,75.8 ,81.6 ,29.6 ,36.7 ,44.9 ,54.4 ,65.1 ,77.3 ,91.1 
1,,165,0.2948 ,54.7826 ,0.1843 ,34.6 ,38.0 ,39.9 ,42.9 ,45.0 ,48.3 ,54.8 ,61.9 ,66.0 ,68.8 ,73.2 ,76.2 ,82.0 ,30.0 ,37.1 ,45.3 ,54.8 ,65.6 ,77.7 ,91.4 
1,,166,0.2986 ,55.1993 ,0.1830 ,35.0 ,38.4 ,40.3 ,43.3 ,45.4 ,48.7 ,55.2 ,62.3 ,66.4 ,69.2 ,73.6 ,76.6 ,82.4 ,30.3 ,37.5 ,45.7 ,55.2 ,66.0 ,78.1 ,91.8 
1,,167,0.3026 ,55.6159 ,0.1818 ,35.4 ,38.8 ,40.7 ,43.7 ,45.8 ,49.1 ,55.6 ,62.7 ,66.8 ,69.7 ,74.0 ,77.0 ,82.8 ,30.6 ,37.8 ,46.1 ,55.6 ,66.4 ,78.5 ,92.1 
1,14,168,0.3023 ,55.9927 ,0.1802 ,35.8 ,39.2 ,41.0 ,44.1 ,46.2 ,49.5 ,56.0 ,63.1 ,67.1 ,70.0 ,74.4 ,77.3 ,83.1 ,31.0 ,38.2 ,46.5 ,56.0 ,66.7 ,78.8 ,92.4 
1,,169,0.3020 ,56.3694 ,0.1787 ,36.2 ,39.6 ,41.4 ,44.5 ,46.6 ,49.9 ,56.4 ,63.5 ,67.5 ,70.3 ,74.7 ,77.6 ,83.4 ,31.4 ,38.6 ,46.9 ,56.4 ,67.1 ,79.1 ,92.6 
1,,170,0.3019 ,56.7462 ,0.1772 ,36.5 ,39.9 ,41.8 ,44.9 ,47.0 ,50.2 ,56.7 ,63.8 ,67.8 ,70.7 ,75.0 ,77.9 ,83.7 ,31.8 ,39.0 ,47.3 ,56.7 ,67.4 ,79.5 ,92.9 
1,,171,0.3019 ,57.1229 ,0.1757 ,36.9 ,40.3 ,42.2 ,45.2 ,47.4 ,50.6 ,57.1 ,64.2 ,68.2 ,71.0 ,75.4 ,78.3 ,84.0 ,32.2 ,39.4 ,47.7 ,57.1 ,67.8 ,79.8 ,93.2 
1,,172,0.3019 ,57.4995 ,0.1742 ,37.3 ,40.7 ,42.6 ,45.6 ,47.8 ,51.0 ,57.5 ,64.5 ,68.5 ,71.4 ,75.7 ,78.6 ,84.3 ,32.6 ,39.8 ,48.1 ,57.5 ,68.1 ,80.1 ,93.4 
1,,173,0.3021 ,57.8762 ,0.1727 ,37.7 ,41.1 ,43.0 ,46.0 ,48.1 ,51.4 ,57.9 ,64.9 ,68.9 ,71.7 ,76.0 ,78.9 ,84.6 ,32.9 ,40.2 ,48.5 ,57.9 ,68.5 ,80.4 ,93.7 
1,,174,0.2993 ,58.2029 ,0.1711 ,38.1 ,41.5 ,43.4 ,46.4 ,48.5 ,51.8 ,58.2 ,65.2 ,69.2 ,72.0 ,76.3 ,79.1 ,84.8 ,33.3 ,40.6 ,48.8 ,58.2 ,68.8 ,80.6 ,93.8 
1,,175,0.2965 ,58.5296 ,0.1696 ,38.5 ,41.9 ,43.7 ,46.8 ,48.9 ,52.1 ,58.5 ,65.5 ,69.5 ,72.3 ,76.5 ,79.4 ,85.0 ,33.7 ,40.9 ,49.2 ,58.5 ,69.1 ,80.9 ,94.0 
1,,176,0.2938 ,58.8563 ,0.1680 ,38.9 ,42.2 ,44.1 ,47.1 ,49.2 ,52.4 ,58.9 ,65.8 ,69.8 ,72.5 ,76.8 ,79.6 ,85.2 ,34.1 ,41.3 ,49.5 ,58.9 ,69.3 ,81.1 ,94.2 
1,,177,0.2911 ,59.1829 ,0.1665 ,39.2 ,42.6 ,44.5 ,47.5 ,49.6 ,52.8 ,59.2 ,66.1 ,70.0 ,72.8 ,77.0 ,79.9 ,85.4 ,34.5 ,41.7 ,49.9 ,59.2 ,69.6 ,81.3 ,94.3 
1,,178,0.2885 ,59.5096 ,0.1650 ,39.6 ,43.0 ,44.9 ,47.8 ,49.9 ,53.1 ,59.5 ,66.4 ,70.3 ,73.1 ,77.3 ,80.1 ,85.6 ,34.9 ,42.1 ,50.3 ,59.5 ,69.9 ,81.6 ,94.5 
1,,179,0.2859 ,59.8362 ,0.1635 ,40.0 ,43.4 ,45.2 ,48.2 ,50.3 ,53.5 ,59.8 ,66.7 ,70.6 ,73.3 ,77.5 ,80.3 ,85.9 ,35.3 ,42.5 ,50.6 ,59.8 ,70.2 ,81.8 ,94.7 
1,15,180,0.2818 ,60.1106 ,0.1620 ,40.4 ,43.7 ,45.6 ,48.5 ,50.6 ,53.8 ,60.1 ,66.9 ,70.8 ,73.6 ,77.7 ,80.5 ,86.0 ,35.6 ,42.8 ,50.9 ,60.1 ,70.4 ,82.0 ,94.8 
1,,181,0.2777 ,60.3850 ,0.1606 ,40.7 ,44.0 ,45.9 ,48.9 ,50.9 ,54.1 ,60.4 ,67.2 ,71.1 ,73.8 ,77.9 ,80.7 ,86.2 ,36.0 ,43.1 ,51.2 ,60.4 ,70.7 ,82.1 ,94.9 
1,,182,0.2736 ,60.6594 ,0.1591 ,41.1 ,44.4 ,46.2 ,49.2 ,51.2 ,54.4 ,60.7 ,67.4 ,71.3 ,74.0 ,78.1 ,80.9 ,86.3 ,36.4 ,43.5 ,51.6 ,60.7 ,70.9 ,82.3 ,95.0 
1,,183,0.2695 ,60.9338 ,0.1577 ,41.4 ,44.7 ,46.6 ,49.5 ,51.6 ,54.7 ,60.9 ,67.7 ,71.5 ,74.2 ,78.3 ,81.1 ,86.5 ,36.7 ,43.8 ,51.9 ,60.9 ,71.1 ,82.5 ,95.1 
1,,184,0.2654 ,61.2081 ,0.1563 ,41.8 ,45.1 ,46.9 ,49.8 ,51.9 ,55.0 ,61.2 ,67.9 ,71.7 ,74.4 ,78.5 ,81.2 ,86.6 ,37.1 ,44.2 ,52.2 ,61.2 ,71.3 ,82.7 ,95.2 
1,,185,0.2613 ,61.4825 ,0.1549 ,42.1 ,45.4 ,47.2 ,50.1 ,52.2 ,55.3 ,61.5 ,68.2 ,72.0 ,74.6 ,78.7 ,81.4 ,86.8 ,37.5 ,44.5 ,52.5 ,61.5 ,71.6 ,82.8 ,95.3 
1,,186,0.2514 ,61.7129 ,0.1537 ,42.4 ,45.7 ,47.5 ,50.4 ,52.5 ,55.6 ,61.7 ,68.4 ,72.1 ,74.8 ,78.9 ,81.6 ,86.9 ,37.8 ,44.8 ,52.8 ,61.7 ,71.8 ,83.0 ,95.5 
1,,187,0.2412 ,61.9434 ,0.1525 ,42.8 ,46.0 ,47.8 ,50.7 ,52.7 ,55.8 ,61.9 ,68.6 ,72.3 ,75.0 ,79.0 ,81.7 ,87.1 ,38.1 ,45.1 ,53.0 ,61.9 ,71.9 ,83.1 ,95.6 
1,,188,0.2310 ,62.1739 ,0.1513 ,43.1 ,46.3 ,48.1 ,51.0 ,53.0 ,56.1 ,62.2 ,68.8 ,72.5 ,75.2 ,79.2 ,81.9 ,87.2 ,38.5 ,45.4 ,53.3 ,62.2 ,72.1 ,83.3 ,95.7 
1,,189,0.2207 ,62.4045 ,0.1501 ,43.4 ,46.6 ,48.4 ,51.3 ,53.3 ,56.3 ,62.4 ,69.0 ,72.7 ,75.3 ,79.4 ,82.1 ,87.4 ,38.8 ,45.7 ,53.6 ,62.4 ,72.3 ,83.4 ,95.9 
1,,190,0.2102 ,62.6351 ,0.1489 ,43.7 ,46.9 ,48.7 ,51.6 ,53.5 ,56.6 ,62.6 ,69.2 ,72.9 ,75.5 ,79.5 ,82.2 ,87.5 ,39.2 ,46.1 ,53.8 ,62.6 ,72.5 ,83.6 ,96.0 
1,,191,0.1996 ,62.8658 ,0.1477 ,44.0 ,47.2 ,49.0 ,51.8 ,53.8 ,56.8 ,62.9 ,69.4 ,73.1 ,75.7 ,79.7 ,82.4 ,87.6 ,39.5 ,46.4 ,54.1 ,62.9 ,72.7 ,83.8 ,96.1 
1,16,192,0.1829 ,63.0550 ,0.1468 ,44.3 ,47.5 ,49.3 ,52.1 ,54.0 ,57.1 ,63.1 ,69.6 ,73.3 ,75.9 ,79.9 ,82.5 ,87.8 ,39.8 ,46.6 ,54.3 ,63.1 ,72.9 ,83.9 ,96.3 
1,,193,0.1660 ,63.2442 ,0.1459 ,44.6 ,47.8 ,49.5 ,52.3 ,54.3 ,57.3 ,63.2 ,69.7 ,73.4 ,76.0 ,80.0 ,82.7 ,88.0 ,40.1 ,46.9 ,54.6 ,63.2 ,73.1 ,84.1 ,96.5 
1,,194,0.1489 ,63.4335 ,0.1450 ,44.9 ,48.0 ,49.8 ,52.5 ,54.5 ,57.5 ,63.4 ,69.9 ,73.6 ,76.2 ,80.2 ,82.9 ,88.2 ,40.5 ,47.2 ,54.8 ,63.4 ,73.2 ,84.3 ,96.7 
1,,195,0.1316 ,63.6229 ,0.1441 ,45.2 ,48.3 ,50.0 ,52.8 ,54.7 ,57.7 ,63.6 ,70.1 ,73.8 ,76.4 ,80.4 ,83.0 ,88.3 ,40.8 ,47.4 ,55.0 ,63.6 ,73.4 ,84.4 ,96.9 
1,,196,0.1141 ,63.8123 ,0.1432 ,45.4 ,48.5 ,50.3 ,53.0 ,54.9 ,57.9 ,63.8 ,70.2 ,73.9 ,76.5 ,80.5 ,83.2 ,88.5 ,41.1 ,47.7 ,55.2 ,63.8 ,73.6 ,84.6 ,97.1 
1,,197,0.0964 ,64.0018 ,0.1424 ,45.7 ,48.8 ,50.5 ,53.2 ,55.2 ,58.1 ,64.0 ,70.4 ,74.1 ,76.7 ,80.7 ,83.4 ,88.7 ,41.4 ,48.0 ,55.5 ,64.0 ,73.7 ,84.8 ,97.3 
1,,198,0.0862 ,64.1526 ,0.1418 ,45.9 ,49.0 ,50.7 ,53.4 ,55.3 ,58.3 ,64.2 ,70.6 ,74.2 ,76.8 ,80.8 ,83.5 ,88.8 ,41.6 ,48.1 ,55.6 ,64.2 ,73.9 ,84.9 ,97.4 
1,,199,0.0759 ,64.3033 ,0.1413 ,46.1 ,49.2 ,50.9 ,53.6 ,55.5 ,58.4 ,64.3 ,70.7 ,74.4 ,77.0 ,81.0 ,83.7 ,89.0 ,41.8 ,48.3 ,55.8 ,64.3 ,74.0 ,85.0 ,97.6 
1,,200,0.0655 ,64.4539 ,0.1407 ,46.3 ,49.3 ,51.0 ,53.8 ,55.7 ,58.6 ,64.5 ,70.9 ,74.5 ,77.1 ,81.1 ,83.8 ,89.1 ,42.0 ,48.5 ,56.0 ,64.5 ,74.1 ,85.2 ,97.8 
1,,201,0.0550 ,64.6045 ,0.1402 ,46.5 ,49.5 ,51.2 ,53.9 ,55.8 ,58.8 ,64.6 ,71.0 ,74.7 ,77.3 ,81.2 ,83.9 ,89.3 ,42.2 ,48.7 ,56.1 ,64.6 ,74.3 ,85.3 ,97.9 
1,,202,0.0444 ,64.7551 ,0.1397 ,46.7 ,49.7 ,51.4 ,54.1 ,56.0 ,58.9 ,64.8 ,71.1 ,74.8 ,77.4 ,81.4 ,84.1 ,89.4 ,42.4 ,48.9 ,56.3 ,64.8 ,74.4 ,85.5 ,98.1 
1,,203,0.0337 ,64.9057 ,0.1391 ,46.9 ,49.9 ,51.6 ,54.3 ,56.2 ,59.1 ,64.9 ,71.3 ,74.9 ,77.5 ,81.5 ,84.2 ,89.6 ,42.6 ,49.1 ,56.5 ,64.9 ,74.6 ,85.6 ,98.2 
1,17,204,0.0282 ,65.0469 ,0.1387 ,47.0 ,50.1 ,51.7 ,54.4 ,56.3 ,59.2 ,65.0 ,71.4 ,75.1 ,77.7 ,81.7 ,84.3 ,89.7 ,42.8 ,49.2 ,56.6 ,65.0 ,74.7 ,85.7 ,98.4 
1,,205,0.0226 ,65.1880 ,0.1382 ,47.2 ,50.2 ,51.9 ,54.6 ,56.5 ,59.4 ,65.2 ,71.5 ,75.2 ,77.8 ,81.8 ,84.5 ,89.8 ,43.0 ,49.4 ,56.8 ,65.2 ,74.8 ,85.9 ,98.5 
1,,206,0.0169 ,65.3291 ,0.1377 ,47.4 ,50.4 ,52.1 ,54.7 ,56.6 ,59.5 ,65.3 ,71.7 ,75.3 ,77.9 ,81.9 ,84.6 ,89.9 ,43.2 ,49.6 ,56.9 ,65.3 ,75.0 ,86.0 ,98.6 
1,,207,0.0113 ,65.4702 ,0.1373 ,47.5 ,50.6 ,52.2 ,54.9 ,56.8 ,59.7 ,65.5 ,71.8 ,75.5 ,78.0 ,82.0 ,84.7 ,90.1 ,43.3 ,49.7 ,57.1 ,65.5 ,75.1 ,86.1 ,98.7 
1,,208,0.0055 ,65.6113 ,0.1368 ,47.7 ,50.7 ,52.4 ,55.1 ,56.9 ,59.8 ,65.6 ,72.0 ,75.6 ,78.2 ,82.2 ,84.8 ,90.2 ,43.5 ,49.9 ,57.2 ,65.6 ,75.2 ,86.2 ,98.9 
1,,209,-0.0003 ,65.7523 ,0.1364 ,47.9 ,50.9 ,52.5 ,55.2 ,57.1 ,60.0 ,65.8 ,72.1 ,75.7 ,78.3 ,82.3 ,85.0 ,90.3 ,43.7 ,50.1 ,57.4 ,65.8 ,75.4 ,86.4 ,99.0 
1,,210,-0.0068 ,65.8907 ,0.1359 ,48.0 ,51.0 ,52.7 ,55.4 ,57.2 ,60.1 ,65.9 ,72.2 ,75.9 ,78.4 ,82.4 ,85.1 ,90.4 ,43.9 ,50.2 ,57.5 ,65.9 ,75.5 ,86.5 ,99.1 
1,,211,-0.0134 ,66.0291 ,0.1355 ,48.2 ,51.2 ,52.9 ,55.5 ,57.4 ,60.3 ,66.0 ,72.4 ,76.0 ,78.6 ,82.5 ,85.2 ,90.6 ,44.0 ,50.4 ,57.7 ,66.0 ,75.6 ,86.6 ,99.3 
1,,212,-0.0200 ,66.1674 ,0.1351 ,48.4 ,51.4 ,53.0 ,55.7 ,57.5 ,60.4 ,66.2 ,72.5 ,76.1 ,78.7 ,82.7 ,85.4 ,90.7 ,44.2 ,50.5 ,57.8 ,66.2 ,75.7 ,86.8 ,99.4 
1,,213,-0.0267 ,66.3057 ,0.1346 ,48.5 ,51.5 ,53.2 ,55.8 ,57.7 ,60.6 ,66.3 ,72.6 ,76.3 ,78.8 ,82.8 ,85.5 ,90.8 ,44.4 ,50.7 ,58.0 ,66.3 ,75.9 ,86.9 ,99.5 
1,,214,-0.0335 ,66.4439 ,0.1342 ,48.7 ,51.7 ,53.3 ,56.0 ,57.8 ,60.7 ,66.4 ,72.7 ,76.4 ,79.0 ,82.9 ,85.6 ,90.9 ,44.5 ,50.9 ,58.1 ,66.4 ,76.0 ,87.0 ,99.7 
1,,215,-0.0403 ,66.5821 ,0.1338 ,48.9 ,51.8 ,53.5 ,56.1 ,58.0 ,60.8 ,66.6 ,72.9 ,76.5 ,79.1 ,83.1 ,85.7 ,91.1 ,44.7 ,51.0 ,58.3 ,66.6 ,76.1 ,87.1 ,99.8 
1,18,216,-0.0469 ,66.7186 ,0.1334 ,49.0 ,52.0 ,53.6 ,56.3 ,58.1 ,61.0 ,66.7 ,73.0 ,76.6 ,79.2 ,83.2 ,85.9 ,91.2 ,44.9 ,51.2 ,58.4 ,66.7 ,76.3 ,87.3 ,99.9 
1,,217,-0.0535 ,66.8551 ,0.1330 ,49.2 ,52.1 ,53.8 ,56.4 ,58.3 ,61.1 ,66.9 ,73.1 ,76.8 ,79.3 ,83.3 ,86.0 ,91.3 ,45.0 ,51.3 ,58.6 ,66.9 ,76.4 ,87.4 ,100.1 
1,,218,-0.0602 ,66.9915 ,0.1326 ,49.3 ,52.3 ,53.9 ,56.6 ,58.4 ,61.3 ,67.0 ,73.3 ,76.9 ,79.5 ,83.4 ,86.1 ,91.5 ,45.2 ,51.5 ,58.7 ,67.0 ,76.5 ,87.5 ,100.2 
1,,219,-0.0669 ,67.1278 ,0.1322 ,49.5 ,52.5 ,54.1 ,56.7 ,58.6 ,61.4 ,67.1 ,73.4 ,77.0 ,79.6 ,83.6 ,86.3 ,91.6 ,45.4 ,51.7 ,58.8 ,67.1 ,76.7 ,87.7 ,100.3 
1,,220,-0.0738 ,67.2641 ,0.1318 ,49.7 ,52.6 ,54.2 ,56.9 ,58.7 ,61.6 ,67.3 ,73.5 ,77.2 ,79.7 ,83.7 ,86.4 ,91.7 ,45.6 ,51.8 ,59.0 ,67.3 ,76.8 ,87.8 ,100.5 
1,,221,-0.0807 ,67.4004 ,0.1314 ,49.8 ,52.8 ,54.4 ,57.0 ,58.9 ,61.7 ,67.4 ,73.7 ,77.3 ,79.9 ,83.8 ,86.5 ,91.9 ,45.7 ,52.0 ,59.1 ,67.4 ,76.9 ,87.9 ,100.6 
1,,222,-0.0859 ,67.5362 ,0.1311 ,50.0 ,52.9 ,54.5 ,57.2 ,59.0 ,61.8 ,67.5 ,73.8 ,77.4 ,80.0 ,84.0 ,86.6 ,92.0 ,45.9 ,52.1 ,59.3 ,67.5 ,77.1 ,88.0 ,100.7 
1,,223,-0.0911 ,67.6719 ,0.1307 ,50.1 ,53.1 ,54.7 ,57.3 ,59.1 ,62.0 ,67.7 ,73.9 ,77.6 ,80.1 ,84.1 ,86.8 ,92.1 ,46.0 ,52.3 ,59.4 ,67.7 ,77.2 ,88.2 ,100.9 
1,,224,-0.0965 ,67.8077 ,0.1303 ,50.3 ,53.2 ,54.8 ,57.5 ,59.3 ,62.1 ,67.8 ,74.1 ,77.7 ,80.2 ,84.2 ,86.9 ,92.2 ,46.2 ,52.4 ,59.6 ,67.8 ,77.3 ,88.3 ,101.0 
1,,225,-0.1018 ,67.9434 ,0.1299 ,50.4 ,53.4 ,55.0 ,57.6 ,59.4 ,62.3 ,67.9 ,74.2 ,77.8 ,80.4 ,84.3 ,87.0 ,92.4 ,46.4 ,52.6 ,59.7 ,67.9 ,77.4 ,88.4 ,101.1 
1,,226,-0.1072 ,68.0790 ,0.1296 ,50.6 ,53.5 ,55.1 ,57.7 ,59.6 ,62.4 ,68.1 ,74.3 ,77.9 ,80.5 ,84.5 ,87.1 ,92.5 ,46.5 ,52.7 ,59.9 ,68.1 ,77.6 ,88.5 ,101.3 
1,,227,-0.1127 ,68.2146 ,0.1292 ,50.8 ,53.7 ,55.3 ,57.9 ,59.7 ,62.5 ,68.2 ,74.5 ,78.1 ,80.6 ,84.6 ,87.3 ,92.6 ,46.7 ,52.9 ,60.0 ,68.2 ,77.7 ,88.7 ,101.4 
2,0,0,0.3809 ,3.2322 ,0.1417 ,2.3 ,2.4 ,2.5 ,2.7 ,2.8 ,2.9 ,3.2 ,3.6 ,3.7 ,3.9 ,4.0 ,4.2 ,4.4 ,2.0 ,2.4 ,2.8 ,3.2 ,3.7 ,4.2 ,4.8 
2,,1,0.1714 ,4.1873 ,0.1372 ,3.0 ,3.2 ,3.3 ,3.5 ,3.6 ,3.8 ,4.2 ,4.6 ,4.8 ,5.0 ,5.2 ,5.4 ,5.7 ,2.7 ,3.2 ,3.6 ,4.2 ,4.8 ,5.5 ,6.2 
2,,2,0.0962 ,5.1282 ,0.1300 ,3.8 ,4.0 ,4.1 ,4.3 ,4.5 ,4.7 ,5.1 ,5.6 ,5.9 ,6.0 ,6.3 ,6.5 ,6.9 ,3.4 ,3.9 ,4.5 ,5.1 ,5.8 ,6.6 ,7.5 
2,,3,0.0402 ,5.8458 ,0.1262 ,4.4 ,4.6 ,4.7 ,5.0 ,5.1 ,5.4 ,5.8 ,6.4 ,6.7 ,6.9 ,7.2 ,7.4 ,7.8 ,4.0 ,4.5 ,5.2 ,5.8 ,6.6 ,7.5 ,8.5 
2,,4,-0.0050 ,6.4237 ,0.1240 ,4.8 ,5.1 ,5.2 ,5.5 ,5.6 ,5.9 ,6.4 ,7.0 ,7.3 ,7.5 ,7.9 ,8.1 ,8.6 ,4.4 ,5.0 ,5.7 ,6.4 ,7.3 ,8.2 ,9.3 
2,,5,-0.0430 ,6.8985 ,0.1227 ,5.2 ,5.5 ,5.6 ,5.9 ,6.1 ,6.4 ,6.9 ,7.5 ,7.8 ,8.1 ,8.4 ,8.7 ,9.2 ,4.8 ,5.4 ,6.1 ,6.9 ,7.8 ,8.8 ,10.0 
2,,6,-0.0756 ,7.2970 ,0.1220 ,5.5 ,5.8 ,6.0 ,6.2 ,6.4 ,6.7 ,7.3 ,7.9 ,8.3 ,8.5 ,8.9 ,9.2 ,9.7 ,5.1 ,5.7 ,6.5 ,7.3 ,8.2 ,9.3 ,10.6 
2,,7,-0.1039 ,7.6422 ,0.1218 ,5.8 ,6.1 ,6.3 ,6.5 ,6.7 ,7.0 ,7.6 ,8.3 ,8.7 ,8.9 ,9.4 ,9.6 ,10.2 ,5.3 ,6.0 ,6.8 ,7.6 ,8.6 ,9.8 ,11.1 
2,,8,-0.1288 ,7.9487 ,0.1218 ,6.0 ,6.3 ,6.5 ,6.8 ,7.0 ,7.3 ,7.9 ,8.6 ,9.0 ,9.3 ,9.7 ,10.0 ,10.6 ,5.6 ,6.3 ,7.0 ,7.9 ,9.0 ,10.2 ,11.6 
2,,9,-0.1507 ,8.2254 ,0.1220 ,6.2 ,6.6 ,6.8 ,7.0 ,7.3 ,7.6 ,8.2 ,8.9 ,9.3 ,9.6 ,10.1 ,10.4 ,11.0 ,5.8 ,6.5 ,7.3 ,8.2 ,9.3 ,10.5 ,12.0 
2,,10,-0.1700 ,8.4800 ,0.1222 ,6.4 ,6.8 ,7.0 ,7.3 ,7.5 ,7.8 ,8.5 ,9.2 ,9.6 ,9.9 ,10.4 ,10.7 ,11.3 ,5.9 ,6.7 ,7.5 ,8.5 ,9.6 ,10.9 ,12.4 
2,,11,-0.1872 ,8.7192 ,0.1225 ,6.6 ,7.0 ,7.2 ,7.5 ,7.7 ,8.0 ,8.7 ,9.5 ,9.9 ,10.2 ,10.7 ,11.0 ,11.7 ,6.1 ,6.9 ,7.7 ,8.7 ,9.9 ,11.2 ,12.8 
2,1,12,-0.2024 ,8.9481 ,0.1227 ,6.8 ,7.1 ,7.3 ,7.7 ,7.9 ,8.2 ,8.9 ,9.7 ,10.2 ,10.5 ,11.0 ,11.3 ,12.0 ,6.3 ,7.0 ,7.9 ,8.9 ,10.1 ,11.5 ,13.1 
2,,13,-0.2158 ,9.1699 ,0.1228 ,6.9 ,7.3 ,7.5 ,7.9 ,8.1 ,8.4 ,9.2 ,10.0 ,10.4 ,10.8 ,11.3 ,11.6 ,12.3 ,6.4 ,7.2 ,8.1 ,9.2 ,10.4 ,11.8 ,13.5 
2,,14,-0.2278 ,9.3870 ,0.1229 ,7.1 ,7.5 ,7.7 ,8.0 ,8.3 ,8.6 ,9.4 ,10.2 ,10.7 ,11.0 ,11.5 ,11.9 ,12.6 ,6.6 ,7.4 ,8.3 ,9.4 ,10.6 ,12.1 ,13.8 
2,,15,-0.2384 ,9.6008 ,0.1230 ,7.3 ,7.7 ,7.9 ,8.2 ,8.5 ,8.8 ,9.6 ,10.4 ,10.9 ,11.3 ,11.8 ,12.2 ,12.9 ,6.7 ,7.6 ,8.5 ,9.6 ,10.9 ,12.4 ,14.1 
2,,16,-0.2478 ,9.8124 ,0.1230 ,7.4 ,7.8 ,8.1 ,8.4 ,8.7 ,9.0 ,9.8 ,10.7 ,11.2 ,11.5 ,12.1 ,12.5 ,13.2 ,6.9 ,7.7 ,8.7 ,9.8 ,11.1 ,12.6 ,14.5 
2,,17,-0.2562 ,10.0226 ,0.1231 ,7.6 ,8.0 ,8.2 ,8.6 ,8.8 ,9.2 ,10.0 ,10.9 ,11.4 ,11.8 ,12.3 ,12.7 ,13.5 ,7.0 ,7.9 ,8.9 ,10.0 ,11.4 ,12.9 ,14.8 
2,,18,-0.2637 ,10.2315 ,0.1231 ,7.8 ,8.2 ,8.4 ,8.8 ,9.0 ,9.4 ,10.2 ,11.1 ,11.6 ,12.0 ,12.6 ,13.0 ,13.8 ,7.2 ,8.1 ,9.1 ,10.2 ,11.6 ,13.2 ,15.1 
2,,19,-0.2703 ,10.4393 ,0.1232 ,7.9 ,8.3 ,8.6 ,8.9 ,9.2 ,9.6 ,10.4 ,11.4 ,11.9 ,12.3 ,12.9 ,13.3 ,14.1 ,7.3 ,8.2 ,9.2 ,10.4 ,11.8 ,13.5 ,15.4 
2,,20,-0.2762 ,10.6464 ,0.1232 ,8.1 ,8.5 ,8.7 ,9.1 ,9.4 ,9.8 ,10.6 ,11.6 ,12.1 ,12.5 ,13.1 ,13.5 ,14.4 ,7.5 ,8.4 ,9.4 ,10.6 ,12.1 ,13.7 ,15.7 
2,,21,-0.2815 ,10.8534 ,0.1234 ,8.2 ,8.7 ,8.9 ,9.3 ,9.6 ,10.0 ,10.9 ,11.8 ,12.4 ,12.8 ,13.4 ,13.8 ,14.6 ,7.6 ,8.6 ,9.6 ,10.9 ,12.3 ,14.0 ,16.0 
2,,22,-0.2862 ,11.0608 ,0.1235 ,8.4 ,8.8 ,9.1 ,9.5 ,9.8 ,10.2 ,11.1 ,12.0 ,12.6 ,13.0 ,13.6 ,14.1 ,14.9 ,7.8 ,8.7 ,9.8 ,11.1 ,12.5 ,14.3 ,16.4 
2,,23,-0.2903 ,11.2688 ,0.1237 ,8.5 ,9.0 ,9.2 ,9.7 ,9.9 ,10.4 ,11.3 ,12.3 ,12.8 ,13.3 ,13.9 ,14.3 ,15.2 ,7.9 ,8.9 ,10.0 ,11.3 ,12.8 ,14.6 ,16.7 
2,2,24,-0.2941 ,11.4775 ,0.1239 ,8.7 ,9.2 ,9.4 ,9.8 ,10.1 ,10.6 ,11.5 ,12.5 ,13.1 ,13.5 ,14.2 ,14.6 ,15.5 ,8.1 ,9.0 ,10.2 ,11.5 ,13.0 ,14.8 ,17.0 
2,,25,-0.2975 ,11.6864 ,0.1241 ,8.9 ,9.3 ,9.6 ,10.0 ,10.3 ,10.8 ,11.7 ,12.7 ,13.3 ,13.8 ,14.4 ,14.9 ,15.8 ,8.2 ,9.2 ,10.3 ,11.7 ,13.3 ,15.1 ,17.3 
2,,26,-0.3005 ,11.8947 ,0.1244 ,9.0 ,9.5 ,9.8 ,10.2 ,10.5 ,10.9 ,11.9 ,12.9 ,13.6 ,14.0 ,14.7 ,15.2 ,16.1 ,8.4 ,9.4 ,10.5 ,11.9 ,13.5 ,15.4 ,17.7 
2,,27,-0.3032 ,12.1015 ,0.1247 ,9.2 ,9.6 ,9.9 ,10.4 ,10.7 ,11.1 ,12.1 ,13.2 ,13.8 ,14.3 ,15.0 ,15.4 ,16.4 ,8.5 ,9.5 ,10.7 ,12.1 ,13.7 ,15.7 ,18.0 
2,,28,-0.3057 ,12.3059 ,0.1251 ,9.3 ,9.8 ,10.1 ,10.5 ,10.8 ,11.3 ,12.3 ,13.4 ,14.0 ,14.5 ,15.2 ,15.7 ,16.7 ,8.6 ,9.7 ,10.9 ,12.3 ,14.0 ,16.0 ,18.3 
2,,29,-0.3080 ,12.5073 ,0.1255 ,9.5 ,10.0 ,10.2 ,10.7 ,11.0 ,11.5 ,12.5 ,13.6 ,14.3 ,14.7 ,15.5 ,16.0 ,17.0 ,8.8 ,9.8 ,11.1 ,12.5 ,14.2 ,16.2 ,18.7 
2,,30,-0.3101 ,12.7055 ,0.1259 ,9.6 ,10.1 ,10.4 ,10.9 ,11.2 ,11.7 ,12.7 ,13.8 ,14.5 ,15.0 ,15.7 ,16.2 ,17.3 ,8.9 ,10.0 ,11.2 ,12.7 ,14.4 ,16.5 ,19.0 
2,,31,-0.3120 ,12.9006 ,0.1263 ,9.7 ,10.3 ,10.5 ,11.0 ,11.3 ,11.9 ,12.9 ,14.1 ,14.7 ,15.2 ,16.0 ,16.5 ,17.6 ,9.0 ,10.1 ,11.4 ,12.9 ,14.7 ,16.8 ,19.3 
2,,32,-0.3138 ,13.0930 ,0.1268 ,9.9 ,10.4 ,10.7 ,11.2 ,11.5 ,12.0 ,13.1 ,14.3 ,15.0 ,15.5 ,16.2 ,16.8 ,17.8 ,9.1 ,10.3 ,11.6 ,13.1 ,14.9 ,17.1 ,19.6 
2,,33,-0.3155 ,13.2837 ,0.1274 ,10.0 ,10.5 ,10.8 ,11.3 ,11.7 ,12.2 ,13.3 ,14.5 ,15.2 ,15.7 ,16.5 ,17.0 ,18.1 ,9.3 ,10.4 ,11.7 ,13.3 ,15.1 ,17.3 ,20.0 
2,,34,-0.3171 ,13.4731 ,0.1279 ,10.1 ,10.7 ,11.0 ,11.5 ,11.8 ,12.4 ,13.5 ,14.7 ,15.4 ,15.9 ,16.8 ,17.3 ,18.4 ,9.4 ,10.5 ,11.9 ,13.5 ,15.4 ,17.6 ,20.3 
2,,35,-0.3186 ,13.6618 ,0.1286 ,10.3 ,10.8 ,11.1 ,11.6 ,12.0 ,12.5 ,13.7 ,14.9 ,15.7 ,16.2 ,17.0 ,17.6 ,18.7 ,9.5 ,10.7 ,12.0 ,13.7 ,15.6 ,17.9 ,20.6 
2,3,36,0.5656 ,14.1998 ,0.0991 ,11.1 ,11.7 ,12.0 ,12.4 ,12.8 ,13.3 ,14.2 ,15.2 ,15.7 ,16.1 ,16.6 ,17.0 ,17.6 ,10.3 ,11.5 ,12.8 ,14.2 ,15.6 ,17.1 ,18.7 
2,,37,0.4441 ,14.3701 ,0.1004 ,11.2 ,11.8 ,12.1 ,12.6 ,12.9 ,13.4 ,14.4 ,15.4 ,15.9 ,16.3 ,16.9 ,17.2 ,17.9 ,10.4 ,11.6 ,13.0 ,14.4 ,15.9 ,17.4 ,19.1 
2,,38,0.3317 ,14.5405 ,0.1017 ,11.4 ,11.9 ,12.2 ,12.7 ,13.1 ,13.6 ,14.5 ,15.6 ,16.1 ,16.5 ,17.1 ,17.5 ,18.3 ,10.5 ,11.8 ,13.1 ,14.5 ,16.1 ,17.7 ,19.4 
2,,39,0.2276 ,14.7108 ,0.1030 ,11.5 ,12.1 ,12.4 ,12.9 ,13.2 ,13.7 ,14.7 ,15.8 ,16.3 ,16.8 ,17.4 ,17.8 ,18.6 ,10.7 ,11.9 ,13.3 ,14.7 ,16.3 ,18.0 ,19.8 
2,,40,0.1312 ,14.8813 ,0.1042 ,11.6 ,12.2 ,12.5 ,13.0 ,13.3 ,13.9 ,14.9 ,16.0 ,16.6 ,17.0 ,17.6 ,18.1 ,18.9 ,10.8 ,12.0 ,13.4 ,14.9 ,16.5 ,18.3 ,20.2 
2,,41,0.0419 ,15.0518 ,0.1053 ,11.8 ,12.3 ,12.7 ,13.1 ,13.5 ,14.0 ,15.1 ,16.2 ,16.8 ,17.2 ,17.9 ,18.3 ,19.2 ,11.0 ,12.2 ,13.5 ,15.1 ,16.7 ,18.6 ,20.6 
2,,42,-0.0428 ,15.2236 ,0.1064 ,11.9 ,12.5 ,12.8 ,13.3 ,13.6 ,14.2 ,15.2 ,16.4 ,17.0 ,17.5 ,18.1 ,18.6 ,19.5 ,11.1 ,12.3 ,13.7 ,15.2 ,16.9 ,18.9 ,21.0 
2,,43,-0.1212 ,15.3956 ,0.1075 ,12.0 ,12.6 ,12.9 ,13.4 ,13.8 ,14.3 ,15.4 ,16.6 ,17.2 ,17.7 ,18.4 ,18.9 ,19.8 ,11.2 ,12.5 ,13.8 ,15.4 ,17.2 ,19.1 ,21.4 
2,,44,-0.1938 ,15.5676 ,0.1085 ,12.2 ,12.7 ,13.1 ,13.6 ,13.9 ,14.5 ,15.6 ,16.8 ,17.4 ,17.9 ,18.7 ,19.2 ,20.2 ,11.4 ,12.6 ,14.0 ,15.6 ,17.4 ,19.4 ,21.8 
2,,45,-0.2611 ,15.7399 ,0.1095 ,12.3 ,12.9 ,13.2 ,13.7 ,14.1 ,14.6 ,15.7 ,17.0 ,17.7 ,18.2 ,18.9 ,19.5 ,20.5 ,11.5 ,12.7 ,14.1 ,15.7 ,17.6 ,19.7 ,22.2 
2,,46,-0.3236 ,15.9123 ,0.1105 ,12.4 ,13.0 ,13.3 ,13.9 ,14.2 ,14.8 ,15.9 ,17.2 ,17.9 ,18.4 ,19.2 ,19.7 ,20.8 ,11.6 ,12.9 ,14.3 ,15.9 ,17.8 ,20.0 ,22.6 
2,,47,-0.3816 ,16.0848 ,0.1114 ,12.6 ,13.1 ,13.5 ,14.0 ,14.4 ,14.9 ,16.1 ,17.4 ,18.1 ,18.6 ,19.5 ,20.0 ,21.1 ,11.7 ,13.0 ,14.4 ,16.1 ,18.0 ,20.3 ,23.0 
2,4,48,-0.4372 ,16.2585 ,0.1124 ,12.7 ,13.3 ,13.6 ,14.1 ,14.5 ,15.1 ,16.3 ,17.6 ,18.3 ,18.9 ,19.7 ,20.3 ,21.5 ,11.9 ,13.1 ,14.6 ,16.3 ,18.2 ,20.6 ,23.4 
2,,49,-0.4888 ,16.4324 ,0.1133 ,12.8 ,13.4 ,13.7 ,14.3 ,14.7 ,15.2 ,16.4 ,17.8 ,18.5 ,19.1 ,20.0 ,20.6 ,21.8 ,12.0 ,13.3 ,14.7 ,16.4 ,18.5 ,20.9 ,23.8 
2,,50,-0.5367 ,16.6064 ,0.1142 ,13.0 ,13.6 ,13.9 ,14.4 ,14.8 ,15.4 ,16.6 ,18.0 ,18.8 ,19.3 ,20.2 ,20.9 ,22.1 ,12.1 ,13.4 ,14.9 ,16.6 ,18.7 ,21.2 ,24.2 
2,,51,-0.5812 ,16.7806 ,0.1150 ,13.1 ,13.7 ,14.0 ,14.6 ,15.0 ,15.6 ,16.8 ,18.2 ,19.0 ,19.6 ,20.5 ,21.1 ,22.4 ,12.3 ,13.5 ,15.0 ,16.8 ,18.9 ,21.5 ,24.7 
2,,52,-0.6227 ,16.9549 ,0.1159 ,13.2 ,13.8 ,14.2 ,14.7 ,15.1 ,15.7 ,17.0 ,18.4 ,19.2 ,19.8 ,20.8 ,21.4 ,22.8 ,12.4 ,13.7 ,15.2 ,17.0 ,19.1 ,21.8 ,25.1 
2,,53,-0.6613 ,17.1294 ,0.1167 ,13.3 ,14.0 ,14.3 ,14.9 ,15.2 ,15.9 ,17.1 ,18.6 ,19.4 ,20.0 ,21.0 ,21.7 ,23.1 ,12.5 ,13.8 ,15.3 ,17.1 ,19.3 ,22.1 ,25.5 
2,,54,-0.6987 ,17.3046 ,0.1175 ,13.5 ,14.1 ,14.4 ,15.0 ,15.4 ,16.0 ,17.3 ,18.8 ,19.7 ,20.3 ,21.3 ,22.0 ,23.4 ,12.6 ,13.9 ,15.5 ,17.3 ,19.6 ,22.4 ,25.9 
2,,55,-0.7335 ,17.4800 ,0.1183 ,13.6 ,14.2 ,14.6 ,15.1 ,15.5 ,16.2 ,17.5 ,19.0 ,19.9 ,20.5 ,21.6 ,22.3 ,23.8 ,12.8 ,14.1 ,15.6 ,17.5 ,19.8 ,22.7 ,26.4 
2,,56,-0.7660 ,17.6555 ,0.1190 ,13.7 ,14.4 ,14.7 ,15.3 ,15.7 ,16.3 ,17.7 ,19.2 ,20.1 ,20.8 ,21.8 ,22.6 ,24.1 ,12.9 ,14.2 ,15.8 ,17.7 ,20.0 ,23.0 ,26.8 
2,,57,-0.7962 ,17.8311 ,0.1198 ,13.9 ,14.5 ,14.8 ,15.4 ,15.8 ,16.5 ,17.8 ,19.4 ,20.3 ,21.0 ,22.1 ,22.9 ,24.4 ,13.0 ,14.3 ,15.9 ,17.8 ,20.2 ,23.3 ,27.2 
2,,58,-0.8245 ,18.0069 ,0.1205 ,14.0 ,14.6 ,15.0 ,15.6 ,16.0 ,16.6 ,18.0 ,19.6 ,20.5 ,21.2 ,22.4 ,23.1 ,24.8 ,13.1 ,14.5 ,16.1 ,18.0 ,20.4 ,23.6 ,27.7 
2,,59,-0.8509 ,18.1827 ,0.1212 ,14.1 ,14.8 ,15.1 ,15.7 ,16.1 ,16.8 ,18.2 ,19.8 ,20.8 ,21.5 ,22.6 ,23.4 ,25.1 ,13.2 ,14.6 ,16.2 ,18.2 ,20.7 ,23.9 ,28.1 
2,5,60,-0.8760 ,18.3616 ,0.1220 ,14.2 ,14.9 ,15.3 ,15.9 ,16.3 ,17.0 ,18.4 ,20.0 ,21.0 ,21.7 ,22.9 ,23.7 ,25.4 ,13.4 ,14.7 ,16.4 ,18.4 ,20.9 ,24.2 ,28.5 
2,,61,-0.8993 ,18.5405 ,0.1228 ,14.4 ,15.0 ,15.4 ,16.0 ,16.4 ,17.1 ,18.5 ,20.2 ,21.2 ,22.0 ,23.2 ,24.0 ,25.8 ,13.5 ,14.9 ,16.5 ,18.5 ,21.1 ,24.5 ,29.0 
2,,62,-0.9210 ,18.7196 ,0.1236 ,14.5 ,15.2 ,15.5 ,16.1 ,16.6 ,17.3 ,18.7 ,20.4 ,21.5 ,22.2 ,23.4 ,24.3 ,26.1 ,13.6 ,15.0 ,16.7 ,18.7 ,21.3 ,24.8 ,29.5 
2,,63,-0.9412 ,18.8988 ,0.1243 ,14.6 ,15.3 ,15.7 ,16.3 ,16.7 ,17.4 ,18.9 ,20.6 ,21.7 ,22.5 ,23.7 ,24.6 ,26.5 ,13.7 ,15.1 ,16.8 ,18.9 ,21.6 ,25.1 ,29.9 
2,,64,-0.9600 ,19.0780 ,0.1250 ,14.8 ,15.4 ,15.8 ,16.4 ,16.9 ,17.6 ,19.1 ,20.8 ,21.9 ,22.7 ,24.0 ,24.9 ,26.8 ,13.8 ,15.2 ,17.0 ,19.1 ,21.8 ,25.4 ,30.4 
2,,65,-0.9776 ,19.2574 ,0.1257 ,14.9 ,15.6 ,16.0 ,16.6 ,17.0 ,17.8 ,19.3 ,21.0 ,22.1 ,22.9 ,24.3 ,25.2 ,27.2 ,14.0 ,15.4 ,17.1 ,19.3 ,22.0 ,25.7 ,30.8 
2,,66,-0.9840 ,19.4555 ,0.1270 ,15.0 ,15.7 ,16.1 ,16.7 ,17.2 ,17.9 ,19.5 ,21.3 ,22.4 ,23.2 ,24.6 ,25.5 ,27.6 ,14.1 ,15.5 ,17.3 ,19.5 ,22.3 ,26.1 ,31.4 
2,,67,-0.9894 ,19.6537 ,0.1281 ,15.1 ,15.8 ,16.2 ,16.9 ,17.3 ,18.1 ,19.7 ,21.5 ,22.7 ,23.5 ,24.9 ,25.9 ,28.0 ,14.2 ,15.6 ,17.4 ,19.7 ,22.5 ,26.4 ,31.9 
2,,68,-0.9941 ,19.8519 ,0.1293 ,15.3 ,16.0 ,16.4 ,17.0 ,17.5 ,18.3 ,19.9 ,21.7 ,22.9 ,23.8 ,25.2 ,26.2 ,28.4 ,14.3 ,15.8 ,17.6 ,19.9 ,22.8 ,26.8 ,32.4 
2,,69,-0.9981 ,20.0502 ,0.1304 ,15.4 ,16.1 ,16.5 ,17.2 ,17.7 ,18.4 ,20.1 ,22.0 ,23.2 ,24.1 ,25.5 ,26.6 ,28.8 ,14.4 ,15.9 ,17.7 ,20.1 ,23.1 ,27.1 ,32.9 
2,,70,-1.0014 ,20.2485 ,0.1315 ,15.5 ,16.2 ,16.6 ,17.3 ,17.8 ,18.6 ,20.2 ,22.2 ,23.4 ,24.4 ,25.8 ,26.9 ,29.2 ,14.5 ,16.0 ,17.9 ,20.2 ,23.3 ,27.5 ,33.5 
2,,71,-1.0041 ,20.4468 ,0.1326 ,15.6 ,16.4 ,16.8 ,17.5 ,18.0 ,18.8 ,20.4 ,22.5 ,23.7 ,24.6 ,26.2 ,27.2 ,29.6 ,14.6 ,16.2 ,18.1 ,20.4 ,23.6 ,27.8 ,34.0 
2,6,72,-0.9954 ,20.6619 ,0.1340 ,15.7 ,16.5 ,16.9 ,17.6 ,18.1 ,18.9 ,20.7 ,22.7 ,24.0 ,24.9 ,26.5 ,27.6 ,30.0 ,14.7 ,16.3 ,18.2 ,20.7 ,23.9 ,28.2 ,34.5 
2,,73,-0.9868 ,20.8769 ,0.1353 ,15.9 ,16.6 ,17.1 ,17.8 ,18.3 ,19.1 ,20.9 ,23.0 ,24.3 ,25.3 ,26.8 ,28.0 ,30.4 ,14.8 ,16.4 ,18.4 ,20.9 ,24.1 ,28.6 ,35.1 
2,,74,-0.9784 ,21.0920 ,0.1367 ,16.0 ,16.8 ,17.2 ,17.9 ,18.5 ,19.3 ,21.1 ,23.2 ,24.6 ,25.6 ,27.2 ,28.4 ,30.9 ,14.9 ,16.6 ,18.6 ,21.1 ,24.4 ,29.0 ,35.6 
2,,75,-0.9700 ,21.3071 ,0.1380 ,16.1 ,16.9 ,17.4 ,18.1 ,18.6 ,19.5 ,21.3 ,23.5 ,24.9 ,25.9 ,27.5 ,28.7 ,31.3 ,15.0 ,16.7 ,18.7 ,21.3 ,24.7 ,29.4 ,36.2 
2,,76,-0.9618 ,21.5221 ,0.1392 ,16.2 ,17.0 ,17.5 ,18.3 ,18.8 ,19.7 ,21.5 ,23.7 ,25.1 ,26.2 ,27.9 ,29.1 ,31.7 ,15.1 ,16.8 ,18.9 ,21.5 ,25.0 ,29.8 ,36.7 
2,,77,-0.9537 ,21.7372 ,0.1405 ,16.4 ,17.2 ,17.6 ,18.4 ,19.0 ,19.9 ,21.7 ,24.0 ,25.4 ,26.5 ,28.2 ,29.5 ,32.2 ,15.3 ,16.9 ,19.1 ,21.7 ,25.3 ,30.1 ,37.3 
2,,78,-0.9411 ,21.9702 ,0.1418 ,16.5 ,17.3 ,17.8 ,18.6 ,19.1 ,20.0 ,22.0 ,24.3 ,25.7 ,26.8 ,28.6 ,29.9 ,32.6 ,15.4 ,17.1 ,19.2 ,22.0 ,25.6 ,30.6 ,37.8 
2,,79,-0.9288 ,22.2032 ,0.1432 ,16.6 ,17.5 ,17.9 ,18.7 ,19.3 ,20.2 ,22.2 ,24.6 ,26.0 ,27.2 ,29.0 ,30.3 ,33.1 ,15.5 ,17.2 ,19.4 ,22.2 ,25.9 ,31.0 ,38.4 
2,,80,-0.9169 ,22.4363 ,0.1445 ,16.7 ,17.6 ,18.1 ,18.9 ,19.5 ,20.4 ,22.4 ,24.8 ,26.4 ,27.5 ,29.3 ,30.7 ,33.5 ,15.6 ,17.4 ,19.6 ,22.4 ,26.2 ,31.4 ,39.0 
2,,81,-0.9054 ,22.6693 ,0.1458 ,16.9 ,17.7 ,18.2 ,19.1 ,19.7 ,20.6 ,22.7 ,25.1 ,26.7 ,27.8 ,29.7 ,31.1 ,34.0 ,15.7 ,17.5 ,19.8 ,22.7 ,26.5 ,31.8 ,39.6 
2,,82,-0.8942 ,22.9023 ,0.1471 ,17.0 ,17.9 ,18.4 ,19.2 ,19.9 ,20.8 ,22.9 ,25.4 ,27.0 ,28.2 ,30.1 ,31.5 ,34.5 ,15.8 ,17.6 ,19.9 ,22.9 ,26.8 ,32.2 ,40.2 
2,,83,-0.8833 ,23.1353 ,0.1484 ,17.1 ,18.0 ,18.5 ,19.4 ,20.0 ,21.0 ,23.1 ,25.7 ,27.3 ,28.5 ,30.5 ,31.9 ,34.9 ,15.9 ,17.8 ,20.1 ,23.1 ,27.1 ,32.6 ,40.7 
2,7,84,-0.8685 ,23.3870 ,0.1497 ,17.3 ,18.2 ,18.7 ,19.6 ,20.2 ,21.2 ,23.4 ,26.0 ,27.6 ,28.8 ,30.9 ,32.3 ,35.4 ,16.0 ,17.9 ,20.3 ,23.4 ,27.5 ,33.1 ,41.3 
2,,85,-0.8541 ,23.6386 ,0.1511 ,17.4 ,18.3 ,18.9 ,19.8 ,20.4 ,21.4 ,23.6 ,26.3 ,28.0 ,29.2 ,31.3 ,32.7 ,35.9 ,16.1 ,18.1 ,20.5 ,23.6 ,27.8 ,33.5 ,41.9 
2,,86,-0.8403 ,23.8903 ,0.1524 ,17.5 ,18.5 ,19.0 ,19.9 ,20.6 ,21.6 ,23.9 ,26.6 ,28.3 ,29.6 ,31.7 ,33.2 ,36.4 ,16.2 ,18.2 ,20.7 ,23.9 ,28.1 ,34.0 ,42.5 
2,,87,-0.8271 ,24.1419 ,0.1536 ,17.7 ,18.6 ,19.2 ,20.1 ,20.8 ,21.9 ,24.1 ,26.9 ,28.6 ,29.9 ,32.1 ,33.6 ,36.9 ,16.3 ,18.4 ,20.9 ,24.1 ,28.5 ,34.4 ,43.1 
2,,88,-0.8142 ,24.3935 ,0.1549 ,17.8 ,18.8 ,19.4 ,20.3 ,21.0 ,22.1 ,24.4 ,27.2 ,29.0 ,30.3 ,32.5 ,34.0 ,37.4 ,16.4 ,18.5 ,21.1 ,24.4 ,28.8 ,34.9 ,43.7 
2,,89,-0.8019 ,24.6451 ,0.1561 ,17.9 ,18.9 ,19.5 ,20.5 ,21.2 ,22.3 ,24.6 ,27.5 ,29.3 ,30.7 ,32.9 ,34.4 ,37.9 ,16.6 ,18.7 ,21.3 ,24.6 ,29.1 ,35.3 ,44.3 
2,,90,-0.7852 ,24.9161 ,0.1574 ,18.1 ,19.1 ,19.7 ,20.7 ,21.4 ,22.5 ,24.9 ,27.8 ,29.7 ,31.0 ,33.3 ,34.9 ,38.4 ,16.7 ,18.8 ,21.5 ,24.9 ,29.5 ,35.8 ,44.9 
2,,91,-0.7693 ,25.1871 ,0.1586 ,18.2 ,19.3 ,19.9 ,20.9 ,21.6 ,22.7 ,25.2 ,28.2 ,30.0 ,31.4 ,33.7 ,35.3 ,38.9 ,16.8 ,19.0 ,21.7 ,25.2 ,29.8 ,36.2 ,45.5 
2,,92,-0.7539 ,25.4581 ,0.1598 ,18.3 ,19.4 ,20.0 ,21.0 ,21.8 ,23.0 ,25.5 ,28.5 ,30.4 ,31.8 ,34.1 ,35.8 ,39.4 ,16.9 ,19.1 ,21.9 ,25.5 ,30.2 ,36.7 ,46.1 
2,,93,-0.7392 ,25.7291 ,0.1609 ,18.5 ,19.6 ,20.2 ,21.2 ,22.0 ,23.2 ,25.7 ,28.8 ,30.7 ,32.2 ,34.5 ,36.2 ,39.9 ,17.0 ,19.3 ,22.1 ,25.7 ,30.5 ,37.2 ,46.8 
2,,94,-0.7250 ,26.0001 ,0.1621 ,18.6 ,19.7 ,20.4 ,21.4 ,22.2 ,23.4 ,26.0 ,29.1 ,31.1 ,32.6 ,35.0 ,36.7 ,40.4 ,17.1 ,19.4 ,22.3 ,26.0 ,30.9 ,37.6 ,47.4 
2,,95,-0.7114 ,26.2710 ,0.1632 ,18.8 ,19.9 ,20.5 ,21.6 ,22.4 ,23.6 ,26.3 ,29.5 ,31.5 ,32.9 ,35.4 ,37.1 ,40.9 ,17.3 ,19.6 ,22.5 ,26.3 ,31.2 ,38.1 ,48.0 
2,8,96,-0.6971 ,26.5602 ,0.1643 ,18.9 ,20.1 ,20.7 ,21.8 ,22.6 ,23.9 ,26.6 ,29.8 ,31.8 ,33.4 ,35.8 ,37.6 ,41.4 ,17.4 ,19.8 ,22.7 ,26.6 ,31.6 ,38.6 ,48.6 
2,,97,-0.6834 ,26.8493 ,0.1654 ,19.1 ,20.3 ,20.9 ,22.0 ,22.8 ,24.1 ,26.8 ,30.2 ,32.2 ,33.8 ,36.3 ,38.1 ,42.0 ,17.5 ,19.9 ,23.0 ,26.8 ,32.0 ,39.1 ,49.2 
2,,98,-0.6702 ,27.1385 ,0.1665 ,19.2 ,20.4 ,21.1 ,22.2 ,23.1 ,24.4 ,27.1 ,30.5 ,32.6 ,34.2 ,36.7 ,38.6 ,42.5 ,17.6 ,20.1 ,23.2 ,27.1 ,32.4 ,39.6 ,49.8 
2,,99,-0.6574 ,27.4276 ,0.1675 ,19.4 ,20.6 ,21.3 ,22.4 ,23.3 ,24.6 ,27.4 ,30.8 ,33.0 ,34.6 ,37.2 ,39.0 ,43.0 ,17.8 ,20.3 ,23.4 ,27.4 ,32.8 ,40.0 ,50.5 
2,,100,-0.6451 ,27.7167 ,0.1685 ,19.5 ,20.8 ,21.5 ,22.6 ,23.5 ,24.8 ,27.7 ,31.2 ,33.4 ,35.0 ,37.6 ,39.5 ,43.6 ,17.9 ,20.4 ,23.6 ,27.7 ,33.1 ,40.5 ,51.1 
2,,101,-0.6333 ,28.0058 ,0.1695 ,19.7 ,20.9 ,21.7 ,22.8 ,23.7 ,25.1 ,28.0 ,31.5 ,33.7 ,35.4 ,38.1 ,40.0 ,44.1 ,18.0 ,20.6 ,23.8 ,28.0 ,33.5 ,41.0 ,51.7 
2,,102,-0.6214 ,28.3163 ,0.1705 ,19.9 ,21.1 ,21.9 ,23.1 ,23.9 ,25.3 ,28.3 ,31.9 ,34.1 ,35.8 ,38.5 ,40.5 ,44.6 ,18.2 ,20.8 ,24.1 ,28.3 ,33.9 ,41.5 ,52.4 
2,,103,-0.6098 ,28.6269 ,0.1714 ,20.0 ,21.3 ,22.1 ,23.3 ,24.2 ,25.6 ,28.6 ,32.3 ,34.5 ,36.2 ,39.0 ,41.0 ,45.2 ,18.3 ,21.0 ,24.3 ,28.6 ,34.3 ,42.1 ,53.1 
2,,104,-0.5987 ,28.9374 ,0.1723 ,20.2 ,21.5 ,22.3 ,23.5 ,24.4 ,25.9 ,28.9 ,32.6 ,35.0 ,36.7 ,39.5 ,41.5 ,45.8 ,18.4 ,21.2 ,24.6 ,28.9 ,34.7 ,42.6 ,53.7 
2,,105,-0.5879 ,29.2480 ,0.1732 ,20.4 ,21.7 ,22.5 ,23.7 ,24.7 ,26.1 ,29.2 ,33.0 ,35.4 ,37.1 ,39.9 ,42.0 ,46.3 ,18.6 ,21.3 ,24.8 ,29.2 ,35.1 ,43.1 ,54.4 
2,,106,-0.5775 ,29.5585 ,0.1741 ,20.5 ,21.9 ,22.7 ,24.0 ,24.9 ,26.4 ,29.6 ,33.4 ,35.8 ,37.5 ,40.4 ,42.5 ,46.9 ,18.7 ,21.5 ,25.0 ,29.6 ,35.5 ,43.6 ,55.0 
2,,107,-0.5675 ,29.8690 ,0.1749 ,20.7 ,22.1 ,22.9 ,24.2 ,25.1 ,26.6 ,29.9 ,33.7 ,36.2 ,38.0 ,40.9 ,43.0 ,47.4 ,18.9 ,21.7 ,25.3 ,29.9 ,35.9 ,44.1 ,55.7 
2,9,108,-0.5521 ,30.2033 ,0.1758 ,20.9 ,22.3 ,23.1 ,24.4 ,25.4 ,26.9 ,30.2 ,34.1 ,36.6 ,38.4 ,41.4 ,43.5 ,48.0 ,19.0 ,21.9 ,25.5 ,30.2 ,36.3 ,44.6 ,56.3 
2,,109,-0.5373 ,30.5375 ,0.1766 ,21.1 ,22.5 ,23.3 ,24.7 ,25.6 ,27.2 ,30.5 ,34.5 ,37.0 ,38.9 ,41.9 ,44.0 ,48.6 ,19.2 ,22.1 ,25.8 ,30.5 ,36.8 ,45.2 ,57.0 
2,,110,-0.5229 ,30.8718 ,0.1774 ,21.2 ,22.7 ,23.5 ,24.9 ,25.9 ,27.5 ,30.9 ,34.9 ,37.5 ,39.3 ,42.4 ,44.5 ,49.1 ,19.3 ,22.3 ,26.1 ,30.9 ,37.2 ,45.7 ,57.6 
2,,111,-0.5090 ,31.2061 ,0.1782 ,21.4 ,22.9 ,23.7 ,25.1 ,26.2 ,27.8 ,31.2 ,35.3 ,37.9 ,39.8 ,42.9 ,45.1 ,49.7 ,19.4 ,22.5 ,26.3 ,31.2 ,37.6 ,46.2 ,58.3 
2,,112,-0.4956 ,31.5404 ,0.1790 ,21.6 ,23.1 ,24.0 ,25.4 ,26.4 ,28.1 ,31.5 ,35.7 ,38.3 ,40.2 ,43.4 ,45.6 ,50.3 ,19.6 ,22.7 ,26.6 ,31.5 ,38.0 ,46.8 ,58.9 
2,,113,-0.4825 ,31.8748 ,0.1798 ,21.8 ,23.3 ,24.2 ,25.6 ,26.7 ,28.3 ,31.9 ,36.1 ,38.7 ,40.7 ,43.9 ,46.1 ,50.9 ,19.7 ,22.9 ,26.8 ,31.9 ,38.5 ,47.3 ,59.5 
2,,114,-0.4623 ,32.2323 ,0.1806 ,22.0 ,23.5 ,24.4 ,25.9 ,26.9 ,28.6 ,32.2 ,36.5 ,39.2 ,41.2 ,44.4 ,46.6 ,51.4 ,19.9 ,23.1 ,27.1 ,32.2 ,38.9 ,47.9 ,60.1 
2,,115,-0.4427 ,32.5900 ,0.1815 ,22.1 ,23.7 ,24.6 ,26.1 ,27.2 ,28.9 ,32.6 ,37.0 ,39.7 ,41.7 ,44.9 ,47.2 ,52.0 ,20.0 ,23.3 ,27.4 ,32.6 ,39.4 ,48.4 ,60.8 
2,,116,-0.4237 ,32.9478 ,0.1823 ,22.3 ,23.9 ,24.8 ,26.4 ,27.5 ,29.2 ,32.9 ,37.4 ,40.1 ,42.1 ,45.4 ,47.7 ,52.6 ,20.1 ,23.5 ,27.6 ,32.9 ,39.8 ,49.0 ,61.4 
2,,117,-0.4052 ,33.3056 ,0.1831 ,22.5 ,24.1 ,25.1 ,26.6 ,27.7 ,29.5 ,33.3 ,37.8 ,40.6 ,42.6 ,45.9 ,48.3 ,53.2 ,20.3 ,23.7 ,27.9 ,33.3 ,40.3 ,49.5 ,62.0 
2,,118,-0.3874 ,33.6636 ,0.1838 ,22.7 ,24.3 ,25.3 ,26.9 ,28.0 ,29.8 ,33.7 ,38.2 ,41.0 ,43.1 ,46.4 ,48.8 ,53.7 ,20.4 ,23.9 ,28.2 ,33.7 ,40.7 ,50.1 ,62.6 
2,,119,-0.3700 ,34.0216 ,0.1846 ,22.8 ,24.5 ,25.5 ,27.1 ,28.3 ,30.1 ,34.0 ,38.6 ,41.5 ,43.6 ,46.9 ,49.3 ,54.3 ,20.6 ,24.1 ,28.5 ,34.0 ,41.2 ,50.6 ,63.2 
2,10,120,-0.3496 ,34.4014 ,0.1852 ,23.0 ,24.8 ,25.8 ,27.4 ,28.6 ,30.4 ,34.4 ,39.1 ,42.0 ,44.1 ,47.5 ,49.9 ,54.9 ,20.7 ,24.3 ,28.8 ,34.4 ,41.7 ,51.1 ,63.8 
2,,121,-0.3297 ,34.7815 ,0.1858 ,23.2 ,25.0 ,26.0 ,27.7 ,28.9 ,30.8 ,34.8 ,39.5 ,42.4 ,44.6 ,48.0 ,50.4 ,55.4 ,20.9 ,24.5 ,29.0 ,34.8 ,42.1 ,51.7 ,64.4 
2,,122,-0.3103 ,35.1617 ,0.1864 ,23.4 ,25.2 ,26.2 ,27.9 ,29.1 ,31.1 ,35.2 ,40.0 ,42.9 ,45.1 ,48.5 ,51.0 ,56.0 ,21.0 ,24.7 ,29.3 ,35.2 ,42.6 ,52.3 ,65.0 
2,,123,-0.2914 ,35.5421 ,0.1869 ,23.6 ,25.4 ,26.5 ,28.2 ,29.4 ,31.4 ,35.5 ,40.4 ,43.4 ,45.6 ,49.1 ,51.5 ,56.6 ,21.1 ,24.9 ,29.6 ,35.5 ,43.1 ,52.8 ,65.6 
2,,124,-0.2729 ,35.9226 ,0.1875 ,23.8 ,25.7 ,26.7 ,28.5 ,29.7 ,31.7 ,35.9 ,40.9 ,43.9 ,46.1 ,49.6 ,52.0 ,57.2 ,21.3 ,25.1 ,29.9 ,35.9 ,43.5 ,53.4 ,66.2 
2,,125,-0.2548 ,36.3033 ,0.1880 ,24.0 ,25.9 ,27.0 ,28.7 ,30.0 ,32.0 ,36.3 ,41.3 ,44.3 ,46.6 ,50.1 ,52.6 ,57.7 ,21.4 ,25.4 ,30.2 ,36.3 ,44.0 ,53.9 ,66.7 
2,,126,-0.2377 ,36.7011 ,0.1882 ,24.2 ,26.1 ,27.2 ,29.0 ,30.3 ,32.4 ,36.7 ,41.7 ,44.8 ,47.0 ,50.6 ,53.1 ,58.3 ,21.6 ,25.6 ,30.5 ,36.7 ,44.5 ,54.4 ,67.3 
2,,127,-0.2209 ,37.0992 ,0.1883 ,24.4 ,26.4 ,27.5 ,29.3 ,30.6 ,32.7 ,37.1 ,42.2 ,45.3 ,47.5 ,51.1 ,53.6 ,58.8 ,21.8 ,25.8 ,30.8 ,37.1 ,45.0 ,55.0 ,67.8 
2,,128,-0.2043 ,37.4974 ,0.1884 ,24.6 ,26.6 ,27.8 ,29.6 ,31.0 ,33.1 ,37.5 ,42.6 ,45.8 ,48.0 ,51.6 ,54.2 ,59.3 ,22.0 ,26.1 ,31.2 ,37.5 ,45.4 ,55.5 ,68.4 
2,,129,-0.1880 ,37.8958 ,0.1885 ,24.9 ,26.9 ,28.0 ,29.9 ,31.3 ,33.4 ,37.9 ,43.1 ,46.2 ,48.5 ,52.2 ,54.7 ,59.9 ,22.1 ,26.3 ,31.5 ,37.9 ,45.9 ,56.0 ,68.9 
2,,130,-0.1719 ,38.2944 ,0.1886 ,25.1 ,27.1 ,28.3 ,30.2 ,31.6 ,33.8 ,38.3 ,43.6 ,46.7 ,49.0 ,52.7 ,55.2 ,60.4 ,22.3 ,26.6 ,31.8 ,38.3 ,46.4 ,56.6 ,69.5 
2,,131,-0.1560 ,38.6931 ,0.1887 ,25.3 ,27.4 ,28.6 ,30.5 ,31.9 ,34.1 ,38.7 ,44.0 ,47.2 ,49.5 ,53.2 ,55.7 ,61.0 ,22.5 ,26.8 ,32.1 ,38.7 ,46.9 ,57.1 ,70.0 
2,11,132,-0.1419 ,39.0908 ,0.1884 ,25.6 ,27.7 ,28.9 ,30.8 ,32.2 ,34.5 ,39.1 ,44.4 ,47.7 ,50.0 ,53.7 ,56.2 ,61.5 ,22.7 ,27.1 ,32.5 ,39.1 ,47.3 ,57.6 ,70.5 
2,,133,-0.1278 ,39.4887 ,0.1881 ,25.8 ,27.9 ,29.2 ,31.1 ,32.6 ,34.8 ,39.5 ,44.9 ,48.1 ,50.4 ,54.1 ,56.7 ,62.0 ,22.9 ,27.3 ,32.8 ,39.5 ,47.8 ,58.1 ,70.9 
2,,134,-0.1138 ,39.8868 ,0.1878 ,26.0 ,28.2 ,29.4 ,31.5 ,32.9 ,35.2 ,39.9 ,45.3 ,48.6 ,50.9 ,54.6 ,57.2 ,62.4 ,23.1 ,27.6 ,33.1 ,39.9 ,48.2 ,58.6 ,71.4 
2,,135,-0.0998 ,40.2851 ,0.1875 ,26.3 ,28.5 ,29.7 ,31.8 ,33.2 ,35.5 ,40.3 ,45.8 ,49.0 ,51.4 ,55.1 ,57.7 ,62.9 ,23.3 ,27.9 ,33.5 ,40.3 ,48.7 ,59.0 ,71.9 
2,,136,-0.0859 ,40.6835 ,0.1872 ,26.5 ,28.8 ,30.0 ,32.1 ,33.6 ,35.9 ,40.7 ,46.2 ,49.5 ,51.8 ,55.6 ,58.2 ,63.4 ,23.5 ,28.1 ,33.8 ,40.7 ,49.1 ,59.5 ,72.3 
2,,137,-0.0720 ,41.0821 ,0.1869 ,26.8 ,29.0 ,30.3 ,32.4 ,33.9 ,36.2 ,41.1 ,46.6 ,49.9 ,52.3 ,56.1 ,58.7 ,63.9 ,23.7 ,28.4 ,34.1 ,41.1 ,49.6 ,60.0 ,72.8 
2,,138,-0.0641 ,41.4657 ,0.1862 ,27.0 ,29.3 ,30.6 ,32.7 ,34.2 ,36.6 ,41.5 ,47.0 ,50.4 ,52.7 ,56.5 ,59.1 ,64.3 ,24.0 ,28.7 ,34.5 ,41.5 ,50.0 ,60.4 ,73.2 
2,,139,-0.0562 ,41.8495 ,0.1855 ,27.3 ,29.6 ,30.9 ,33.0 ,34.6 ,36.9 ,41.8 ,47.4 ,50.8 ,53.2 ,56.9 ,59.5 ,64.8 ,24.2 ,29.0 ,34.8 ,41.8 ,50.4 ,60.9 ,73.7 
2,,140,-0.0481 ,42.2333 ,0.1848 ,27.6 ,29.9 ,31.2 ,33.4 ,34.9 ,37.3 ,42.2 ,47.9 ,51.2 ,53.6 ,57.4 ,60.0 ,65.2 ,24.4 ,29.3 ,35.1 ,42.2 ,50.8 ,61.3 ,74.1 
2,,141,-0.0400 ,42.6173 ,0.1842 ,27.9 ,30.2 ,31.5 ,33.7 ,35.2 ,37.7 ,42.6 ,48.3 ,51.6 ,54.0 ,57.8 ,60.4 ,65.7 ,24.7 ,29.6 ,35.5 ,42.6 ,51.3 ,61.8 ,74.5 
2,,142,-0.0318 ,43.0013 ,0.1835 ,28.1 ,30.5 ,31.8 ,34.0 ,35.6 ,38.0 ,43.0 ,48.7 ,52.0 ,54.5 ,58.2 ,60.8 ,66.1 ,24.9 ,29.9 ,35.8 ,43.0 ,51.7 ,62.2 ,74.9 
2,,143,-0.0235 ,43.3855 ,0.1829 ,28.4 ,30.8 ,32.1 ,34.3 ,35.9 ,38.4 ,43.4 ,49.1 ,52.5 ,54.9 ,58.7 ,61.3 ,66.5 ,25.2 ,30.1 ,36.1 ,43.4 ,52.1 ,62.6 ,75.4 
2,12,144,-0.0241 ,43.7400 ,0.1818 ,28.7 ,31.1 ,32.5 ,34.7 ,36.2 ,38.7 ,43.7 ,49.5 ,52.8 ,55.3 ,59.1 ,61.7 ,66.9 ,25.4 ,30.5 ,36.5 ,43.7 ,52.5 ,63.0 ,75.7 
2,,145,-0.0246 ,44.0946 ,0.1808 ,29.0 ,31.4 ,32.8 ,35.0 ,36.6 ,39.0 ,44.1 ,49.8 ,53.2 ,55.6 ,59.4 ,62.0 ,67.3 ,25.7 ,30.8 ,36.8 ,44.1 ,52.9 ,63.4 ,76.1 
2,,146,-0.0251 ,44.4491 ,0.1798 ,29.3 ,31.7 ,33.1 ,35.3 ,36.9 ,39.4 ,44.4 ,50.2 ,53.6 ,56.0 ,59.8 ,62.4 ,67.7 ,26.0 ,31.1 ,37.1 ,44.4 ,53.2 ,63.8 ,76.5 
2,,147,-0.0255 ,44.8037 ,0.1788 ,29.6 ,32.1 ,33.4 ,35.7 ,37.2 ,39.7 ,44.8 ,50.6 ,53.9 ,56.4 ,60.2 ,62.8 ,68.1 ,26.3 ,31.4 ,37.5 ,44.8 ,53.6 ,64.2 ,76.9 
2,,148,-0.0258 ,45.1584 ,0.1778 ,29.9 ,32.4 ,33.7 ,36.0 ,37.6 ,40.1 ,45.2 ,50.9 ,54.3 ,56.8 ,60.6 ,63.2 ,68.4 ,26.6 ,31.7 ,37.8 ,45.2 ,54.0 ,64.6 ,77.3 
2,,149,-0.0260 ,45.5130 ,0.1769 ,30.2 ,32.7 ,34.1 ,36.3 ,37.9 ,40.4 ,45.5 ,51.3 ,54.7 ,57.1 ,60.9 ,63.6 ,68.8 ,26.9 ,32.0 ,38.2 ,45.5 ,54.3 ,64.9 ,77.7 
2,,150,-0.0326 ,45.8261 ,0.1756 ,30.5 ,33.0 ,34.4 ,36.6 ,38.2 ,40.7 ,45.8 ,51.6 ,55.0 ,57.4 ,61.3 ,63.9 ,69.1 ,27.2 ,32.3 ,38.5 ,45.8 ,54.6 ,65.2 ,78.0 
2,,151,-0.0391 ,46.1391 ,0.1743 ,30.9 ,33.3 ,34.7 ,36.9 ,38.5 ,41.0 ,46.1 ,51.9 ,55.3 ,57.7 ,61.6 ,64.2 ,69.4 ,27.5 ,32.6 ,38.8 ,46.1 ,55.0 ,65.5 ,78.2 
2,,152,-0.0457 ,46.4522 ,0.1730 ,31.2 ,33.6 ,35.0 ,37.3 ,38.9 ,41.3 ,46.5 ,52.2 ,55.6 ,58.0 ,61.9 ,64.5 ,69.7 ,27.8 ,33.0 ,39.1 ,46.5 ,55.3 ,65.8 ,78.5 
2,,153,-0.0523 ,46.7652 ,0.1717 ,31.5 ,33.9 ,35.3 ,37.6 ,39.2 ,41.7 ,46.8 ,52.5 ,55.9 ,58.4 ,62.2 ,64.8 ,70.0 ,28.1 ,33.3 ,39.4 ,46.8 ,55.6 ,66.1 ,78.8 
2,,154,-0.0589 ,47.0782 ,0.1705 ,31.8 ,34.3 ,35.6 ,37.9 ,39.5 ,42.0 ,47.1 ,52.8 ,56.2 ,58.7 ,62.5 ,65.1 ,70.3 ,28.4 ,33.6 ,39.7 ,47.1 ,55.9 ,66.4 ,79.1 
2,,155,-0.0655 ,47.3912 ,0.1693 ,32.1 ,34.6 ,36.0 ,38.2 ,39.8 ,42.3 ,47.4 ,53.1 ,56.5 ,59.0 ,62.8 ,65.4 ,70.6 ,28.8 ,33.9 ,40.0 ,47.4 ,56.2 ,66.7 ,79.4 
2,13,156,-0.0745 ,47.6564 ,0.1679 ,32.4 ,34.9 ,36.3 ,38.5 ,40.1 ,42.6 ,47.7 ,53.4 ,56.8 ,59.2 ,63.0 ,65.6 ,70.8 ,29.1 ,34.2 ,40.3 ,47.7 ,56.4 ,67.0 ,79.6 
2,,157,-0.0837 ,47.9216 ,0.1666 ,32.7 ,35.2 ,36.5 ,38.8 ,40.4 ,42.9 ,47.9 ,53.6 ,57.0 ,59.4 ,63.2 ,65.8 ,71.1 ,29.4 ,34.5 ,40.6 ,47.9 ,56.7 ,67.2 ,79.8 
2,,158,-0.0929 ,48.1868 ,0.1653 ,33.0 ,35.5 ,36.8 ,39.1 ,40.7 ,43.1 ,48.2 ,53.9 ,57.3 ,59.7 ,63.5 ,66.1 ,71.3 ,29.7 ,34.8 ,40.9 ,48.2 ,56.9 ,67.4 ,80.1 
2,,159,-0.1021 ,48.4519 ,0.1640 ,33.3 ,35.8 ,37.1 ,39.4 ,40.9 ,43.4 ,48.5 ,54.2 ,57.5 ,59.9 ,63.7 ,66.3 ,71.5 ,30.0 ,35.1 ,41.2 ,48.5 ,57.2 ,67.6 ,80.3 
2,,160,-0.1115 ,48.7171 ,0.1627 ,33.6 ,36.1 ,37.4 ,39.6 ,41.2 ,43.7 ,48.7 ,54.4 ,57.8 ,60.2 ,63.9 ,66.5 ,71.7 ,30.3 ,35.4 ,41.5 ,48.7 ,57.4 ,67.9 ,80.5 
2,,161,-0.1208 ,48.9822 ,0.1614 ,33.9 ,36.4 ,37.7 ,39.9 ,41.5 ,44.0 ,49.0 ,54.7 ,58.0 ,60.4 ,64.2 ,66.7 ,71.9 ,30.6 ,35.7 ,41.7 ,49.0 ,57.7 ,68.1 ,80.7 
2,,162,-0.1290 ,49.2069 ,0.1603 ,34.2 ,36.6 ,38.0 ,40.2 ,41.7 ,44.2 ,49.2 ,54.9 ,58.2 ,60.6 ,64.3 ,66.9 ,72.1 ,30.9 ,35.9 ,42.0 ,49.2 ,57.9 ,68.3 ,80.8 
2,,163,-0.1372 ,49.4315 ,0.1591 ,34.5 ,36.9 ,38.2 ,40.4 ,42.0 ,44.4 ,49.4 ,55.1 ,58.4 ,60.8 ,64.5 ,67.1 ,72.3 ,31.1 ,36.2 ,42.2 ,49.4 ,58.1 ,68.4 ,81.0 
2,,164,-0.1455 ,49.6562 ,0.1580 ,34.7 ,37.1 ,38.5 ,40.7 ,42.2 ,44.7 ,49.7 ,55.3 ,58.6 ,61.0 ,64.7 ,67.3 ,72.4 ,31.4 ,36.5 ,42.5 ,49.7 ,58.3 ,68.6 ,81.1 
2,,165,-0.1538 ,49.8809 ,0.1568 ,35.0 ,37.4 ,38.7 ,40.9 ,42.5 ,44.9 ,49.9 ,55.5 ,58.8 ,61.2 ,64.9 ,67.5 ,72.6 ,31.7 ,36.7 ,42.7 ,49.9 ,58.5 ,68.8 ,81.3 
2,,166,-0.1621 ,50.1055 ,0.1557 ,35.2 ,37.6 ,39.0 ,41.2 ,42.7 ,45.1 ,50.1 ,55.7 ,59.0 ,61.4 ,65.1 ,67.6 ,72.8 ,31.9 ,37.0 ,43.0 ,50.1 ,58.7 ,69.0 ,81.4 
2,,167,-0.1705 ,50.3302 ,0.1546 ,35.5 ,37.9 ,39.2 ,41.4 ,43.0 ,45.4 ,50.3 ,55.9 ,59.2 ,61.6 ,65.3 ,67.8 ,73.0 ,32.2 ,37.2 ,43.2 ,50.3 ,58.9 ,69.2 ,81.6 
2,14,168,-0.1734 ,50.5233 ,0.1536 ,35.7 ,38.1 ,39.5 ,41.6 ,43.2 ,45.6 ,50.5 ,56.1 ,59.4 ,61.7 ,65.4 ,67.9 ,73.1 ,32.4 ,37.5 ,43.4 ,50.5 ,59.0 ,69.3 ,81.7 
2,,169,-0.1763 ,50.7164 ,0.1525 ,35.9 ,38.3 ,39.7 ,41.8 ,43.4 ,45.8 ,50.7 ,56.3 ,59.5 ,61.9 ,65.6 ,68.1 ,73.2 ,32.7 ,37.7 ,43.6 ,50.7 ,59.2 ,69.4 ,81.7 
2,,170,-0.1791 ,50.9095 ,0.1515 ,36.2 ,38.6 ,39.9 ,42.1 ,43.6 ,46.0 ,50.9 ,56.4 ,59.7 ,62.0 ,65.7 ,68.2 ,73.3 ,32.9 ,37.9 ,43.8 ,50.9 ,59.4 ,69.5 ,81.8 
2,,171,-0.1819 ,51.1026 ,0.1505 ,36.4 ,38.8 ,40.1 ,42.3 ,43.8 ,46.2 ,51.1 ,56.6 ,59.9 ,62.2 ,65.8 ,68.3 ,73.4 ,33.1 ,38.1 ,44.1 ,51.1 ,59.5 ,69.6 ,81.9 
2,,172,-0.1846 ,51.2957 ,0.1495 ,36.6 ,39.0 ,40.3 ,42.5 ,44.0 ,46.4 ,51.3 ,56.8 ,60.0 ,62.3 ,66.0 ,68.5 ,73.5 ,33.3 ,38.3 ,44.3 ,51.3 ,59.7 ,69.8 ,81.9 
2,,173,-0.1873 ,51.4888 ,0.1485 ,36.8 ,39.2 ,40.6 ,42.7 ,44.2 ,46.6 ,51.5 ,57.0 ,60.2 ,62.5 ,66.1 ,68.6 ,73.6 ,33.6 ,38.6 ,44.5 ,51.5 ,59.9 ,69.9 ,82.0 
2,,174,-0.1869 ,51.6479 ,0.1476 ,37.0 ,39.4 ,40.7 ,42.9 ,44.4 ,46.8 ,51.6 ,57.1 ,60.3 ,62.6 ,66.2 ,68.7 ,73.6 ,33.8 ,38.8 ,44.7 ,51.6 ,60.0 ,70.0 ,82.0 
2,,175,-0.1865 ,51.8070 ,0.1467 ,37.2 ,39.6 ,40.9 ,43.1 ,44.6 ,47.0 ,51.8 ,57.2 ,60.4 ,62.7 ,66.3 ,68.8 ,73.7 ,33.9 ,38.9 ,44.8 ,51.8 ,60.1 ,70.0 ,82.0 
2,,176,-0.1860 ,51.9660 ,0.1458 ,37.4 ,39.8 ,41.1 ,43.2 ,44.8 ,47.1 ,52.0 ,57.4 ,60.6 ,62.8 ,66.4 ,68.9 ,73.8 ,34.1 ,39.1 ,45.0 ,52.0 ,60.2 ,70.1 ,82.0 
2,,177,-0.1854 ,52.1250 ,0.1449 ,37.6 ,40.0 ,41.3 ,43.4 ,44.9 ,47.3 ,52.1 ,57.5 ,60.7 ,63.0 ,66.5 ,68.9 ,73.8 ,34.3 ,39.3 ,45.2 ,52.1 ,60.4 ,70.2 ,82.0 
2,,178,-0.1847 ,52.2840 ,0.1440 ,37.8 ,40.1 ,41.5 ,43.6 ,45.1 ,47.5 ,52.3 ,57.7 ,60.8 ,63.1 ,66.6 ,69.0 ,73.9 ,34.5 ,39.5 ,45.4 ,52.3 ,60.5 ,70.3 ,82.0 
2,,179,-0.1839 ,52.4430 ,0.1431 ,38.0 ,40.3 ,41.6 ,43.8 ,45.3 ,47.7 ,52.4 ,57.8 ,61.0 ,63.2 ,66.7 ,69.1 ,73.9 ,34.7 ,39.7 ,45.5 ,52.4 ,60.6 ,70.4 ,82.0 
2,15,180,-0.1846 ,52.5631 ,0.1424 ,38.1 ,40.5 ,41.8 ,43.9 ,45.4 ,47.8 ,52.6 ,57.9 ,61.0 ,63.3 ,66.8 ,69.2 ,74.0 ,34.8 ,39.8 ,45.7 ,52.6 ,60.7 ,70.4 ,82.0 
2,,181,-0.1852 ,52.6832 ,0.1417 ,38.3 ,40.6 ,41.9 ,44.1 ,45.6 ,47.9 ,52.7 ,58.0 ,61.1 ,63.4 ,66.9 ,69.2 ,74.0 ,35.0 ,40.0 ,45.8 ,52.7 ,60.8 ,70.5 ,82.0 
2,,182,-0.1857 ,52.8033 ,0.1409 ,38.4 ,40.8 ,42.1 ,44.2 ,45.7 ,48.1 ,52.8 ,58.1 ,61.2 ,63.5 ,66.9 ,69.3 ,74.1 ,35.1 ,40.1 ,45.9 ,52.8 ,60.9 ,70.5 ,82.0 
2,,183,-0.1862 ,52.9233 ,0.1402 ,38.6 ,40.9 ,42.2 ,44.3 ,45.9 ,48.2 ,52.9 ,58.2 ,61.3 ,63.5 ,67.0 ,69.4 ,74.1 ,35.3 ,40.3 ,46.1 ,52.9 ,61.0 ,70.6 ,82.0 
2,,184,-0.1867 ,53.0434 ,0.1395 ,38.7 ,41.1 ,42.4 ,44.5 ,46.0 ,48.3 ,53.0 ,58.3 ,61.4 ,63.6 ,67.1 ,69.4 ,74.1 ,35.5 ,40.4 ,46.2 ,53.0 ,61.1 ,70.6 ,82.0 
2,,185,-0.1871 ,53.1634 ,0.1388 ,38.9 ,41.2 ,42.5 ,44.6 ,46.1 ,48.5 ,53.2 ,58.4 ,61.5 ,63.7 ,67.1 ,69.5 ,74.2 ,35.6 ,40.6 ,46.4 ,53.2 ,61.2 ,70.7 ,82.0 
2,,186,-0.1901 ,53.2482 ,0.1382 ,39.0 ,41.3 ,42.6 ,44.7 ,46.2 ,48.5 ,53.2 ,58.5 ,61.6 ,63.8 ,67.2 ,69.5 ,74.2 ,35.7 ,40.7 ,46.5 ,53.2 ,61.3 ,70.7 ,82.0 
2,,187,-0.1930 ,53.3331 ,0.1377 ,39.1 ,41.4 ,42.7 ,44.8 ,46.3 ,48.6 ,53.3 ,58.6 ,61.6 ,63.8 ,67.2 ,69.6 ,74.2 ,35.8 ,40.8 ,46.6 ,53.3 ,61.3 ,70.8 ,82.0 
2,,188,-0.1960 ,53.4179 ,0.1371 ,39.2 ,41.5 ,42.8 ,44.9 ,46.4 ,48.7 ,53.4 ,58.6 ,61.7 ,63.9 ,67.3 ,69.6 ,74.3 ,36.0 ,40.9 ,46.7 ,53.4 ,61.4 ,70.8 ,82.0 
2,,189,-0.1990 ,53.5027 ,0.1366 ,39.3 ,41.6 ,42.9 ,45.0 ,46.5 ,48.8 ,53.5 ,58.7 ,61.8 ,63.9 ,67.3 ,69.6 ,74.3 ,36.1 ,41.0 ,46.8 ,53.5 ,61.4 ,70.9 ,82.0 
2,,190,-0.2019 ,53.5875 ,0.1361 ,39.4 ,41.8 ,43.1 ,45.1 ,46.6 ,48.9 ,53.6 ,58.8 ,61.8 ,64.0 ,67.4 ,69.7 ,74.3 ,36.2 ,41.1 ,46.9 ,53.6 ,61.5 ,70.9 ,82.0 
2,,191,-0.2049 ,53.6723 ,0.1355 ,39.5 ,41.9 ,43.2 ,45.3 ,46.7 ,49.0 ,53.7 ,58.9 ,61.9 ,64.1 ,67.4 ,69.7 ,74.3 ,36.3 ,41.2 ,47.0 ,53.7 ,61.6 ,70.9 ,82.1 
2,16,192,-0.2100 ,53.7253 ,0.1351 ,39.6 ,41.9 ,43.2 ,45.3 ,46.8 ,49.1 ,53.7 ,58.9 ,61.9 ,64.1 ,67.5 ,69.8 ,74.4 ,36.4 ,41.3 ,47.0 ,53.7 ,61.6 ,71.0 ,82.1 
2,,193,-0.2151 ,53.7783 ,0.1346 ,39.7 ,42.0 ,43.3 ,45.4 ,46.9 ,49.2 ,53.8 ,58.9 ,62.0 ,64.1 ,67.5 ,69.8 ,74.4 ,36.5 ,41.4 ,47.1 ,53.8 ,61.7 ,71.0 ,82.1 
2,,194,-0.2202 ,53.8313 ,0.1342 ,39.8 ,42.1 ,43.4 ,45.5 ,46.9 ,49.2 ,53.8 ,59.0 ,62.0 ,64.1 ,67.5 ,69.8 ,74.4 ,36.6 ,41.5 ,47.2 ,53.8 ,61.7 ,71.0 ,82.1 
2,,195,-0.2253 ,53.8843 ,0.1338 ,39.9 ,42.2 ,43.5 ,45.5 ,47.0 ,49.3 ,53.9 ,59.0 ,62.0 ,64.2 ,67.5 ,69.8 ,74.4 ,36.7 ,41.6 ,47.2 ,53.9 ,61.7 ,71.0 ,82.1 
2,,196,-0.2305 ,53.9373 ,0.1334 ,40.0 ,42.3 ,43.5 ,45.6 ,47.1 ,49.3 ,53.9 ,59.1 ,62.1 ,64.2 ,67.6 ,69.8 ,74.4 ,36.8 ,41.6 ,47.3 ,53.9 ,61.8 ,71.0 ,82.1 
2,,197,-0.2357 ,53.9903 ,0.1329 ,40.1 ,42.3 ,43.6 ,45.7 ,47.1 ,49.4 ,54.0 ,59.1 ,62.1 ,64.2 ,67.6 ,69.9 ,74.4 ,36.9 ,41.7 ,47.4 ,54.0 ,61.8 ,71.0 ,82.1 
2,,198,-0.2499 ,54.0055 ,0.1326 ,40.1 ,42.4 ,43.7 ,45.7 ,47.2 ,49.4 ,54.0 ,59.1 ,62.1 ,64.2 ,67.6 ,69.9 ,74.4 ,37.0 ,41.8 ,47.4 ,54.0 ,61.8 ,71.1 ,82.1 
2,,199,-0.2643 ,54.0208 ,0.1323 ,40.2 ,42.5 ,43.7 ,45.8 ,47.2 ,49.5 ,54.0 ,59.1 ,62.1 ,64.2 ,67.6 ,69.9 ,74.5 ,37.0 ,41.8 ,47.4 ,54.0 ,61.8 ,71.1 ,82.1 
2,,200,-0.2788 ,54.0360 ,0.1319 ,40.3 ,42.5 ,43.8 ,45.8 ,47.3 ,49.5 ,54.0 ,59.1 ,62.1 ,64.3 ,67.6 ,69.9 ,74.5 ,37.1 ,41.9 ,47.5 ,54.0 ,61.8 ,71.1 ,82.2 
2,,201,-0.2934 ,54.0512 ,0.1316 ,40.3 ,42.6 ,43.8 ,45.8 ,47.3 ,49.5 ,54.1 ,59.1 ,62.1 ,64.3 ,67.6 ,69.9 ,74.5 ,37.2 ,41.9 ,47.5 ,54.1 ,61.8 ,71.1 ,82.2 
2,,202,-0.3081 ,54.0663 ,0.1312 ,40.4 ,42.6 ,43.9 ,45.9 ,47.3 ,49.5 ,54.1 ,59.1 ,62.1 ,64.3 ,67.6 ,69.9 ,74.5 ,37.3 ,42.0 ,47.5 ,54.1 ,61.8 ,71.1 ,82.3 
2,,203,-0.3230 ,54.0815 ,0.1309 ,40.4 ,42.7 ,43.9 ,45.9 ,47.4 ,49.6 ,54.1 ,59.1 ,62.1 ,64.3 ,67.6 ,69.9 ,74.5 ,37.4 ,42.1 ,47.6 ,54.1 ,61.8 ,71.1 ,82.3 
2,17,204,-0.3423 ,54.0797 ,0.1306 ,40.5 ,42.7 ,44.0 ,46.0 ,47.4 ,49.6 ,54.1 ,59.1 ,62.1 ,64.3 ,67.6 ,69.9 ,74.5 ,37.4 ,42.1 ,47.6 ,54.1 ,61.8 ,71.1 ,82.4 
2,,205,-0.3619 ,54.0778 ,0.1303 ,40.6 ,42.8 ,44.0 ,46.0 ,47.4 ,49.6 ,54.1 ,59.1 ,62.1 ,64.2 ,67.6 ,69.9 ,74.6 ,37.5 ,42.2 ,47.6 ,54.1 ,61.8 ,71.1 ,82.4 
2,,206,-0.3816 ,54.0759 ,0.1300 ,40.6 ,42.8 ,44.0 ,46.0 ,47.4 ,49.6 ,54.1 ,59.1 ,62.1 ,64.2 ,67.6 ,69.9 ,74.6 ,37.6 ,42.2 ,47.6 ,54.1 ,61.8 ,71.1 ,82.5 
2,,207,-0.4016 ,54.0739 ,0.1298 ,40.7 ,42.8 ,44.1 ,46.0 ,47.4 ,49.6 ,54.1 ,59.1 ,62.1 ,64.2 ,67.6 ,69.9 ,74.6 ,37.7 ,42.2 ,47.6 ,54.1 ,61.8 ,71.1 ,82.6 
2,,208,-0.4217 ,54.0719 ,0.1295 ,40.7 ,42.9 ,44.1 ,46.1 ,47.5 ,49.6 ,54.1 ,59.1 ,62.1 ,64.2 ,67.6 ,69.9 ,74.6 ,37.7 ,42.3 ,47.7 ,54.1 ,61.8 ,71.1 ,82.6 
2,,209,-0.4421 ,54.0698 ,0.1292 ,40.8 ,42.9 ,44.1 ,46.1 ,47.5 ,49.6 ,54.1 ,59.1 ,62.1 ,64.2 ,67.6 ,69.9 ,74.6 ,37.8 ,42.3 ,47.7 ,54.1 ,61.8 ,71.1 ,82.7 
2,,210,-0.4627 ,54.0634 ,0.1289 ,40.8 ,43.0 ,44.2 ,46.1 ,47.5 ,49.6 ,54.1 ,59.1 ,62.1 ,64.2 ,67.6 ,69.9 ,74.7 ,37.9 ,42.4 ,47.7 ,54.1 ,61.7 ,71.1 ,82.8 
2,,211,-0.4836 ,54.0570 ,0.1286 ,40.9 ,43.0 ,44.2 ,46.1 ,47.5 ,49.7 ,54.1 ,59.1 ,62.0 ,64.2 ,67.6 ,69.9 ,74.7 ,37.9 ,42.4 ,47.7 ,54.1 ,61.7 ,71.2 ,82.9 
2,,212,-0.5046 ,54.0505 ,0.1284 ,40.9 ,43.0 ,44.2 ,46.1 ,47.5 ,49.7 ,54.1 ,59.1 ,62.0 ,64.2 ,67.6 ,69.9 ,74.7 ,38.0 ,42.5 ,47.7 ,54.1 ,61.7 ,71.2 ,82.9 
2,,213,-0.5259 ,54.0439 ,0.1281 ,41.0 ,43.1 ,44.3 ,46.2 ,47.5 ,49.7 ,54.0 ,59.0 ,62.0 ,64.2 ,67.6 ,69.9 ,74.7 ,38.1 ,42.5 ,47.7 ,54.0 ,61.7 ,71.2 ,83.0 
2,,214,-0.5474 ,54.0373 ,0.1278 ,41.0 ,43.1 ,44.3 ,46.2 ,47.6 ,49.7 ,54.0 ,59.0 ,62.0 ,64.2 ,67.6 ,69.9 ,74.8 ,38.2 ,42.5 ,47.8 ,54.0 ,61.7 ,71.2 ,83.1 
2,,215,-0.5691 ,54.0306 ,0.1275 ,41.1 ,43.2 ,44.3 ,46.2 ,47.6 ,49.7 ,54.0 ,59.0 ,62.0 ,64.1 ,67.6 ,69.9 ,74.8 ,38.2 ,42.6 ,47.8 ,54.0 ,61.7 ,71.2 ,83.2 
2,18,216,-0.5908 ,54.0217 ,0.1273 ,41.1 ,43.2 ,44.3 ,46.2 ,47.6 ,49.7 ,54.0 ,59.0 ,62.0 ,64.1 ,67.5 ,69.9 ,74.8 ,38.3 ,42.6 ,47.8 ,54.0 ,61.7 ,71.2 ,83.3 
2,,217,-0.6128 ,54.0126 ,0.1270 ,41.2 ,43.2 ,44.4 ,46.3 ,47.6 ,49.7 ,54.0 ,59.0 ,62.0 ,64.1 ,67.5 ,69.9 ,74.8 ,38.4 ,42.7 ,47.8 ,54.0 ,61.6 ,71.2 ,83.3 
2,,218,-0.6351 ,54.0036 ,0.1267 ,41.2 ,43.3 ,44.4 ,46.3 ,47.6 ,49.7 ,54.0 ,59.0 ,61.9 ,64.1 ,67.5 ,69.9 ,74.8 ,38.4 ,42.7 ,47.8 ,54.0 ,61.6 ,71.2 ,83.4 
2,,219,-0.6575 ,53.9944 ,0.1264 ,41.3 ,43.3 ,44.4 ,46.3 ,47.6 ,49.7 ,54.0 ,58.9 ,61.9 ,64.1 ,67.5 ,69.9 ,74.9 ,38.5 ,42.7 ,47.8 ,54.0 ,61.6 ,71.2 ,83.5 
2,,220,-0.6801 ,53.9852 ,0.1261 ,41.3 ,43.3 ,44.5 ,46.3 ,47.6 ,49.7 ,54.0 ,58.9 ,61.9 ,64.1 ,67.5 ,69.9 ,74.9 ,38.6 ,42.8 ,47.8 ,54.0 ,61.6 ,71.2 ,83.6 
2,,221,-0.7030 ,53.9760 ,0.1258 ,41.4 ,43.4 ,44.5 ,46.3 ,47.6 ,49.7 ,54.0 ,58.9 ,61.9 ,64.1 ,67.5 ,69.9 ,74.9 ,38.6 ,42.8 ,47.8 ,54.0 ,61.6 ,71.2 ,83.7 
2,,222,-0.7262 ,53.9649 ,0.1256 ,41.4 ,43.4 ,44.5 ,46.3 ,47.7 ,49.7 ,54.0 ,58.9 ,61.9 ,64.0 ,67.5 ,69.9 ,74.9 ,38.7 ,42.8 ,47.9 ,54.0 ,61.6 ,71.2 ,83.8 
2,,223,-0.7497 ,53.9539 ,0.1253 ,41.5 ,43.4 ,44.5 ,46.4 ,47.7 ,49.7 ,54.0 ,58.9 ,61.9 ,64.0 ,67.5 ,69.9 ,75.0 ,38.7 ,42.9 ,47.9 ,54.0 ,61.5 ,71.2 ,83.9 
2,,224,-0.7734 ,53.9427 ,0.1250 ,41.5 ,43.5 ,44.6 ,46.4 ,47.7 ,49.7 ,53.9 ,58.9 ,61.8 ,64.0 ,67.5 ,69.9 ,75.0 ,38.8 ,42.9 ,47.9 ,53.9 ,61.5 ,71.2 ,84.0 
2,,225,-0.7973 ,53.9315 ,0.1247 ,41.5 ,43.5 ,44.6 ,46.4 ,47.7 ,49.7 ,53.9 ,58.8 ,61.8 ,64.0 ,67.5 ,69.9 ,75.0 ,38.9 ,43.0 ,47.9 ,53.9 ,61.5 ,71.2 ,84.1 
2,,226,-0.8215 ,53.9203 ,0.1244 ,41.6 ,43.5 ,44.6 ,46.4 ,47.7 ,49.7 ,53.9 ,58.8 ,61.8 ,64.0 ,67.5 ,69.9 ,75.0 ,38.9 ,43.0 ,47.9 ,53.9 ,61.5 ,71.2 ,84.2 
2,,227,-0.8458 ,53.9090 ,0.1241 ,41.6 ,43.6 ,44.7 ,46.4 ,47.7 ,49.7 ,53.9 ,58.8 ,61.8 ,64.0 ,67.5 ,69.9 ,75.1 ,39.0 ,43.0 ,47.9 ,53.9 ,61.5 ,71.2 ,84.3 